9.84187668859062e-06,7.72340678297365e-06,1.25456790569972e-05,2.14767872434263e-05,2.94832222882233e-05,3.18320217610242e-05,2.69708839888211e-05,1.76863920740064e-05
1.91246765664765e-06,3.65059099041545e-06,3.41922247597574e-06,1.3558976376414e-06,-3.31751911247492e-06,-7.53260785440621e-06,-6.9864468803681e-06,-2.3902001463184e-06
-1.9099235214384e-06,1.11634666616719e-07,-3.70903098791151e-06,-1.13908991226623e-05,-1.73066587689392e-05,-1.79427462616632e-05,-1.4048543151209e-05,-7.67832128688519e-06
4.49807450985388e-07,-2.77162565643064e-06,-6.30277106787872e-07,5.60994679367344e-06,1.35233239024024e-05,1.81647189751527e-05,1.56939653692278e-05,7.90771369981183e-06
8.27221218918307e-06,8.78500698235978e-06,1.17389836911324e-05,1.53675988061657e-05,1.61526712394473e-05,1.38728522362258e-05,1.12659493274963e-05,9.38842591978677e-06
1.3670778152465e-05,1.78456680580624e-05,1.61939743009578e-05,9.48654211725869e-06,1.80487193663884e-06,-2.05614612215598e-06,1.1369375655783e-07,6.64089548263883e-06
2.72479027256969e-05,2.56475091690722e-05,2.49733295059299e-05,2.54134577589165e-05,2.83787110893516e-05,3.21035607938294e-05,3.26661656002535e-05,3.00875908537269e-05
-1.54981953399023e-06,-4.02459403876559e-06,-9.66863235086057e-07,6.02471999240554e-06,1.20478793958483e-05,1.33740624189356e-05,1.01830765755978e-05,4.23636830902925e-06
6.85851407006217e-06,8.91766660408007e-06,7.78002678225524e-06,4.11738963737552e-06,-1.0273617641836e-06,-4.21967642605003e-06,-2.68715598634051e-06,2.18224207570047e-06
-2.12084308898009e-06,-1.02545328629332e-06,-4.00531890597382e-06,-9.73798640555425e-06,-1.35138092932411e-05,-1.27477855908695e-05,-9.41867926208494e-06,-5.49438040356478e-06
-1.4415127200412e-05,-1.61513301727855e-05,-1.28538263357412e-05,-5.93767030148734e-06,4.13867879849625e-07,1.91612178636029e-06,-1.87835615357624e-06,-8.66218447352729e-06
1.75565244389434e-05,1.65802925948866e-05,1.6082174392773e-05,1.64894652152587e-05,1.61920223320908e-05,1.53966822669851e-05,1.60741973929476e-05,1.74165039527653e-05
4.0495428055349e-05,4.33397748397824e-05,3.94745619501314e-05,3.09097739184517e-05,2.34463231082733e-05,2.17012503039469e-05,2.57580735792529e-05,3.33429364377674e-05
-1.54193310417173e-05,-1.53470412164077e-05,-1.30045571677435e-05,-1.01639883699224e-05,-7.96992520715231e-06,-7.50749063366635e-06,-9.6969890786759e-06,-1.31328411554597e-05
3.03694445299564e-06,-1.36133195751639e-07,1.13095453539693e-06,7.09924349488979e-06,1.30519434808198e-05,1.48557041908597e-05,1.26991210831947e-05,8.01136335660174e-06
1.6104975334773e-05,1.79337785407979e-05,1.65308431712351e-05,1.26017468436393e-05,8.45414871146632e-06,6.88783798494269e-06,8.72759163697748e-06,1.24537239433418e-05
-8.13204313996029e-06,-5.32560885978009e-06,-3.93786142449391e-06,-6.18919445253317e-06,-9.31131063924501e-06,-1.04443608679922e-05,-1.05066589031639e-05,-9.90325679583011e-06
-6.56328845509615e-06,-9.00280434998199e-06,-7.22023791225881e-06,-1.45843684262051e-06,4.22853983942042e-06,5.6990860635494e-06,2.86684820348734e-06,-2.03323619858923e-06
2.35212425325157e-05,2.06601685195242e-05,1.90064617633336e-05,1.995221387731e-05,2.2026258657665e-05,2.38935542599606e-05,2.54805149775725e-05,2.55819010310982e-05
1.59225383689682e-05,2.08484284202344e-05,2.07539594326495e-05,1.50361129062223e-05,8.1111762142921e-06,4.37674062108557e-06,4.93268725937293e-06,9.54053722622945e-06
-2.07426961597088e-05,-2.08693284432358e-05,-1.93096159897482e-05,-1.717988503172e-05,-1.51615610795638e-05,-1.44188781368726e-05,-1.60295487595892e-05,-1.88509857590005e-05
6.24155661574852e-06,-5.63289380927879e-07,-3.61132619468156e-06,2.78187568853934e-07,7.91882237186414e-06,1.37614231053809e-05,1.54911385439718e-05,1.25284632569879e-05
1.93365116750862e-05,2.05178207472329e-05,1.90146125364243e-05,1.55364846793695e-05,1.26717796964579e-05,1.24717317011085e-05,1.41857372665091e-05,1.68401495293835e-05
-1.26724524645767e-05,-4.68122145707129e-06,7.80759145849896e-07,-7.49318973086829e-07,-7.53987626787037e-06,-1.48835678516299e-05,-1.9376284957034e-05,-1.85459518618032e-05
-1.63229595085428e-05,-2.20846336484309e-05,-2.32161852549633e-05,-1.83542245384542e-05,-1.06475451360548e-05,-5.27249441585015e-06,-4.8282637974768e-06,-9.43316265426881e-06
3.68311579511718e-05,3.17498883067778e-05,2.72429015206601e-05,2.68295686347629e-05,3.07168703960788e-05,3.61336611461625e-05,3.98323970481298e-05,3.99927348012183e-05
-1.03018030783858e-05,-5.15348803102738e-07,2.90668832453748e-06,-3.13883351322373e-06,-1.42967162124783e-05,-2.33482924398993e-05,-2.60164794021971e-05,-2.06667280714101e-05
-2.90963626957381e-05,-3.06163381592881e-05,-2.64982924867682e-05,-1.92367022440961e-05,-1.37056109285914e-05,-1.32461038293463e-05,-1.72576081109293e-05,-2.35764821220548e-05
2.23854344625587e-05,1.59130600885252e-05,1.18149376327059e-05,1.36305313611013e-05,2.00141495084273e-05,2.65324191815041e-05,2.97657130431342e-05,2.79187710977622e-05
1.06748040474741e-05,1.47847102852339e-05,1.45661108424388e-05,9.74854892755687e-06,3.81035598154701e-06,6.27180412397569e-07,9.45312456351606e-07,4.94968011875403e-06
-3.35928772535326e-05,-2.84451768812278e-05,-2.50137819565337e-05,-2.63256071095782e-05,-3.19391133158402e-05,-3.81172716705249e-05,-4.07388727670173e-05,-3.84658773083082e-05
1.04821228342073e-05,6.31989061411179e-07,-3.13229723853498e-06,2.84622081262923e-06,1.44204040565094e-05,2.34992504799559e-05,2.58256523265172e-05,2.05646511372859e-05
4.25697464770962e-05,4.36578050257391e-05,4.06592004261423e-05,3.54676217814087e-05,3.19462826252416e-05,3.22950525416469e-05,3.52750881506506e-05,3.91455670195903e-05
-2.29251950483133e-05,-1.39321000144942e-05,-7.01001290792716e-06,-7.88770072128986e-06,-1.57727467980811e-05,-2.49883361913464e-05,-3.04561959126324e-05,-2.94069083650365e-05
-2.73569220870063e-05,-3.34217698711953e-05,-3.34386151360863e-05,-2.6476128592487e-05,-1.73857743506924e-05,-1.24138648903438e-05,-1.33053449154831e-05,-1.9329889086139e-05
5.36602229657799e-05,4.68342025047483e-05,3.84557911927712e-05,3.46016748584092e-05,3.77454476187656e-05,4.52908019242667e-05,5.25186274712277e-05,5.57438584225947e-05
2.52039735170823e-06,1.18208780354347e-05,1.79693666427822e-05,1.54256442792221e-05,6.43435410780996e-06,-2.14186804668009e-06,-6.29377569061326e-06,-4.43767273196863e-06
-4.04240599843183e-05,-3.78290645630366e-05,-3.28680442757268e-05,-2.8360493562731e-05,-2.75861955657219e-05,-3.14559808487057e-05,-3.67778206555813e-05,-4.01505015822614e-05
3.20359828886575e-05,2.2264439664573e-05,1.57310295478133e-05,1.81334001791623e-05,2.77833354450989e-05,3.75922965376148e-05,4.22656905240133e-05,3.98468725060805e-05
3.23244460018216e-05,3.54620685486e-05,3.35675356143541e-05,2.67463726308415e-05,1.95146863255623e-05,1.73646018009053e-05,2.05169198641984e-05,2.64716973241545e-05
-4.02599616975512e-05,-3.08960255296725e-05,-2.18758941851488e-05,-1.92123321852486e-05,-2.46289565434782e-05,-3.46327941639091e-05,-4.31677045078515e-05,-4.53052058322564e-05
-5.17119907992417e-06,-1.34107561380649e-05,-2.14695984768634e-05,-2.28541989564603e-05,-1.76675663635672e-05,-1.07207383097344e-05,-4.81093775280884e-06,-2.23013235629215e-06
3.28228805413224e-05,3.00298414414433e-05,2.68692054752837e-05,2.51509432716615e-05,2.64469689202902e-05,3.04088656911372e-05,3.39187292453555e-05,3.45851781713904e-05
-4.19283580731677e-05,-3.22972632119832e-05,-2.16847710703858e-05,-1.78899042947884e-05,-2.30277730128086e-05,-3.26679913245097e-05,-4.1646688068292e-05,-4.54353637555608e-05
-1.46329293849181e-05,-1.61137187775082e-05,-1.88200700965667e-05,-1.97917550057009e-05,-1.95557935448117e-05,-1.94214341454201e-05,-1.83866346049345e-05,-1.61457922339902e-05
5.29977216908656e-05,4.54455431030258e-05,3.83669845833595e-05,3.68276089236885e-05,4.14045788277301e-05,4.88955917764217e-05,5.51879686843837e-05,5.68861318915911e-05
-3.60002639807856e-06,3.0507036767704e-06,9.44082772213339e-06,1.04464066688391e-05,6.119092962148e-06,3.99649796289871e-07,-4.38989699168426e-06,-6.28926109217257e-06
-4.37231441286392e-05,-3.84212765946851e-05,-3.27879768896908e-05,-2.98185622865322e-05,-3.19852715503941e-05,-3.84435180425694e-05,-4.45263632478692e-05,-4.64120877652111e-05
2.33670120890432e-05,1.64962292842474e-05,1.04904802021005e-05,1.05092150978608e-05,1.61131292975472e-05,2.24632417827714e-05,2.65567796603404e-05,2.70767470024593e-05
-1.28508841733328e-06,5.36943906428702e-07,3.9732759486996e-06,5.74241258346296e-06,5.17703945576454e-06,4.06468228686438e-06,2.465196998785e-06,7.10203990791167e-08
-6.21232961138232e-05,-5.26295246767884e-05,-4.43334808902083e-05,-4.32948218864662e-05,-5.01347984215742e-05,-5.98888416120068e-05,-6.69756274035843e-05,-6.78403855789615e-05
7.97779521477054e-06,6.05327657200698e-06,2.52679307099931e-06,8.94277194068531e-07,1.20473387918238e-06,1.69917286781724e-06,3.27308479334377e-06,6.31369598060534e-06
4.80987151785204e-05,4.2310322478296e-05,3.74521359495896e-05,3.66009462134531e-05,4.08776520241151e-05,4.77842892091547e-05,5.25333894796817e-05,5.23667565848041e-05
-4.33821969158569e-05,-3.85455172278709e-05,-3.27328488539958e-05,-3.13138591974382e-05,-3.47800346280209e-05,-3.90507845560963e-05,-4.23607904323191e-05,-4.4377484607258e-05
1.48732612380329e-05,1.48079800417665e-05,1.29113899159782e-05,1.1338329639212e-05,1.01774857214674e-05,8.91028170083831e-06,9.27650893327935e-06,1.20839938179535e-05
4.66084577375129e-05,3.72791064417328e-05,2.85007814026824e-05,2.63213280518163e-05,3.17107107575009e-05,4.08858349468277e-05,4.87814643744639e-05,5.11853273426323e-05
-4.23445160825556e-05,-3.74011927831063e-05,-3.10052884515761e-05,-2.85098218221226e-05,-3.06799196971819e-05,-3.4567903133841e-05,-3.8817480274859e-05,-4.23055513732991e-05
-4.06767227979572e-05,-3.53518095236653e-05,-3.1443232110786e-05,-3.1339957113458e-05,-3.5133191106286e-05,-4.07671272841174e-05,-4.48359357012258e-05,-4.47198078077572e-05
4.25721628317995e-05,3.5885779377512e-05,2.92612877466963e-05,2.8495268145612e-05,3.3071818839092e-05,3.855425966579e-05,4.28333443144644e-05,4.4773569800465e-05
1.05416020767874e-05,9.84152986895688e-06,9.21784369248626e-06,8.33416320264521e-06,8.11274868383878e-06,9.69162042454093e-06,1.15990853595165e-05,1.1711769018632e-05
-2.85843753678771e-05,-2.28237742590394e-05,-1.7791109336015e-05,-1.74817079861867e-05,-2.14022631996096e-05,-2.66319814062681e-05,-3.06816382912757e-05,-3.15633892999152e-05
3.28208046951639e-05,3.21478457619756e-05,2.96841981224611e-05,2.8430153366692e-05,2.81022633497064e-05,2.72301091382985e-05,2.75571288855438e-05,3.02765288056359e-05
2.15244224138003e-05,1.73636593935885e-05,1.38988085429598e-05,1.34565326608458e-05,1.60824536868031e-05,2.038545161817e-05,2.3825224223227e-05,2.42025987009129e-05
-3.77150097422027e-05,-3.39130854892393e-05,-2.91721170318802e-05,-2.77131161954408e-05,-2.97057146282235e-05,-3.28896141690582e-05,-3.59687708913171e-05,-3.8043812914038e-05
-3.94906817506735e-06,-1.45274720901152e-06,-1.7522480173179e-07,-5.00401445411198e-07,-2.39852433166903e-06,-5.38167897450986e-06,-7.44642238587598e-06,-6.73344489601195e-06
5.02100302089558e-05,4.67884419830904e-05,4.19915959949852e-05,4.02645841697015e-05,4.21200225353861e-05,4.53673863477752e-05,4.85387145652556e-05,5.04912148829812e-05
-2.74834523055705e-05,-2.65280827914801e-05,-2.37953215795562e-05,-2.1931938254032e-05,-2.16746225351721e-05,-2.18637466545142e-05,-2.28306328732196e-05,-2.53639257919842e-05
-2.12760147838661e-05,-1.4886188986825e-05,-9.87276784898048e-06,-9.58322355197445e-06,-1.42879747363236e-05,-2.13782063222407e-05,-2.63969348702813e-05,-2.60678681022043e-05
4.88924530892164e-05,4.48682402642351e-05,3.85732519478567e-05,3.51333244826478e-05,3.61597257218465e-05,3.98195511383996e-05,4.42306230556897e-05,4.79861343527833e-05
2.07733376492715e-05,1.98462586380024e-05,2.05075699975768e-05,2.13804292395931e-05,2.20186854203838e-05,2.36575716885275e-05,2.50928165543161e-05,2.36319394734139e-05
-4.78159256656649e-05,-4.61120253094839e-05,-4.33325526675901e-05,-4.29351645547021e-05,-4.45913577496451e-05,-4.61291468312941e-05,-4.69060619402096e-05,-4.74921394404599e-05
4.25931367261156e-05,4.25897359799154e-05,4.19681955961344e-05,4.27833595143387e-05,4.40138269414659e-05,4.33129396269278e-05,4.14781126670773e-05,4.12727835424477e-05
2.19519150627041e-05,1.89481178517132e-05,1.59913081768169e-05,1.52146182314625e-05,1.7092863833749e-05,2.07146483837358e-05,2.35970140783207e-05,2.3881261878336e-05
-3.78323572341677e-05,-3.60257411928651e-05,-3.50466743537095e-05,-3.72340508725161e-05,-4.07439913329856e-05,-4.21351777531716e-05,-4.07883386515615e-05,-3.89641313752199e-05
-4.4362939712938e-06,-8.54549362888618e-08,3.10293912842746e-06,4.08679485358626e-06,2.26083380635658e-06,-2.68909527292931e-06,-7.62734826638078e-06,-8.18650818110722e-06
3.0067612485175e-05,2.90561635871286e-05,2.56552247326319e-05,2.33131674221774e-05,2.33933521277968e-05,2.49608183882214e-05,2.66237868425284e-05,2.8429967648508e-05
1.82853577187844e-05,1.31623269739165e-05,1.02670134099674e-05,1.00242794139951e-05,1.25734242691212e-05,1.77994719772534e-05,2.27823628971445e-05,2.30521241638347e-05
-4.3493557979049e-05,-4.00412048845407e-05,-3.68313561611663e-05,-3.62426113272867e-05,-3.88785969867109e-05,-4.33430404482531e-05,-4.62877425273365e-05,-4.59920274456432e-05
6.96534866927761e-06,7.72072591018536e-06,6.37108100860143e-06,5.46466250917679e-06,5.06845623584142e-06,3.89894228081232e-06,2.58024752885981e-06,3.87301139726469e-06
3.67562688620534e-05,3.55823191468681e-05,3.68850456040592e-05,3.93455998603255e-05,4.18105122039482e-05,4.38379526041986e-05,4.37280541475989e-05,4.0589346348879e-05
-3.51978309857187e-05,-3.30388627061376e-05,-2.92081558169489e-05,-2.72811544958739e-05,-2.84687738857179e-05,-3.13930883614906e-05,-3.36425178195513e-05,-3.49008995870154e-05
-2.31836374506106e-05,-2.1388201948042e-05,-2.22056317581471e-05,-2.39676712245602e-05,-2.54507541820633e-05,-2.69956529506391e-05,-2.8286825437229e-05,-2.6872836653512e-05
1.03645808666055e-05,8.77411356406112e-06,9.54025240677245e-06,1.25558535227716e-05,1.67512805560475e-05,1.98567717330082e-05,1.89098301447355e-05,1.45452655889687e-05
-5.16072479724915e-07,-6.77551751405711e-07,2.55626988372955e-06,5.73633526532201e-06,6.73575382345449e-06,6.14587463666787e-06,5.2025823920846e-06,2.80909634600389e-06
-2.35378082257215e-05,-2.33892131966777e-05,-2.55998063237342e-05,-2.85298244214211e-05,-3.07520117280472e-05,-3.18150825180658e-05,-3.05092164091444e-05,-2.68581361950121e-05
3.33456982885013e-05,2.92462630117223e-05,2.39928986842456e-05,2.15771888291863e-05,2.38996843013212e-05,2.91491503473045e-05,3.29585731001197e-05,3.43162537440392e-05
1.29833424359719e-05,9.78569179468678e-06,8.87334864692762e-06,9.997641450322e-06,1.22058331772692e-05,1.50778136071532e-05,1.74090347741792e-05,1.67388421773852e-05
-4.06473139004247e-05,-4.06963899708215e-05,-4.23639673376856e-05,-4.53526634368459e-05,-4.89309095508792e-05,-5.06637962408e-05,-4.80025128611857e-05,-4.33989426180046e-05
-1.32664676684111e-05,-1.53205331389384e-05,-2.1462548429928e-05,-2.67756934208939e-05,-2.76479776704242e-05,-2.47349155974105e-05,-2.08661331702128e-05,-1.64091959059302e-05
3.48866532540424e-05,3.19579165739465e-05,3.4625263810515e-05,4.10517003907276e-05,4.76428068684622e-05,5.1222642709804e-05,4.93963990137088e-05,4.25231139890236e-05
-1.44924763728855e-05,-1.55370294998732e-05,-1.60291998914667e-05,-1.66839675447883e-05,-1.83070567456171e-05,-1.92059889343889e-05,-1.71236313332535e-05,-1.46296127165587e-05
-2.90473236007073e-05,-2.71970100254876e-05,-3.10163184210251e-05,-3.73052306511679e-05,-4.17940591605003e-05,-4.28042694805185e-05,-4.07212179461739e-05,-3.54239700430327e-05
2.16386249439568e-05,1.99103444568144e-05,2.13050623885516e-05,2.57867206244537e-05,3.15480302414254e-05,3.46954530135723e-05,3.2076625694053e-05,2.63768707267901e-05
1.00185834014509e-06,1.1625392842982e-06,5.58215103159858e-06,1.07679875648506e-05,1.2996049003601e-05,1.17544698045026e-05,8.99447642912552e-06,4.87955622241822e-06
-3.94291361344808e-05,-3.88328221844025e-05,-4.21301974619854e-05,-4.69644688219641e-05,-5.09132485719739e-05,-5.22012997886696e-05,-4.96555714202422e-05,-4.43166528584519e-05
2.64757956286235e-05,2.54385764652514e-05,2.39352171029579e-05,2.39363919936003e-05,2.65516833757658e-05,2.94147222307788e-05,2.91976729663433e-05,2.75006025443442e-05
3.63084974046096e-05,3.61620984511193e-05,4.16760418454895e-05,4.8873738210606e-05,5.30860148330078e-05,5.26488517394682e-05,4.85691453385772e-05,4.20870864539706e-05
-3.05237095428978e-05,-2.8224106496924e-05,-2.99246181044009e-05,-3.46339514896395e-05,-4.09694977337468e-05,-4.52860541235079e-05,-4.34499407973697e-05,-3.69043512218087e-05
-1.02627419074856e-05,-1.11608959477206e-05,-1.45184554866369e-05,-1.7283948820587e-05,-1.6616995260277e-05,-1.38963934085642e-05,-1.23867520164712e-05,-1.1450701440091e-05
3.83582402471012e-05,3.7883913733271e-05,4.33194570241675e-05,5.12070666605371e-05,5.68128534869065e-05,5.75484543340259e-05,5.28763796513609e-05,4.48847364810714e-05
-2.52312466293719e-05,-2.26114402143588e-05,-2.07890416839109e-05,-2.13633543765499e-05,-2.55557619701037e-05,-3.03093477586717e-05,-3.10523193943615e-05,-2.84629454200525e-05
-6.44305902043789e-06,-4.50779774035093e-06,-1.04392021067621e-05,-2.00468820031337e-05,-2.67995150570049e-05,-2.77564411469821e-05,-2.33673871624948e-05,-1.48419553018996e-05
1.70983219848673e-05,1.4687701043876e-05,1.70051913480423e-05,2.27125422746899e-05,2.95501834461598e-05,3.348453248095e-05,3.10330439489923e-05,2.39403269205831e-05
-2.25452886087336e-05,-2.26506664484632e-05,-1.95021184859458e-05,-1.60692475091684e-05,-1.58048929351697e-05,-1.7559464880311e-05,-1.87440778923426e-05,-2.02669061778852e-05
-4.14500553683953e-05,-4.15394358048594e-05,-4.83394688746531e-05,-5.7316130946712e-05,-6.34583291489495e-05,-6.40603922648827e-05,-5.82626502391395e-05,-4.87716074003933e-05
2.27403504609952e-05,1.87865522835489e-05,1.58783092200546e-05,1.63024541534196e-05,2.15081067282881e-05,2.77096505126376e-05,2.96601669212144e-05,2.70435690426598e-05
7.77731441362592e-06,7.48718876830629e-06,1.38218050309528e-05,2.238843965532e-05,2.74561344892679e-05,2.71067608939612e-05,2.21905485245131e-05,1.4375005114014e-05
-1.87791575039315e-05,-1.78179079715184e-05,-2.1412256515571e-05,-2.78506807598008e-05,-3.43110310516447e-05,-3.67769754100686e-05,-3.27529774436918e-05,-2.49661530057201e-05
2.43542542199872e-05,2.27324791575729e-05,1.85361052872433e-05,1.54229289375272e-05,1.6251331543138e-05,1.91703374266225e-05,2.13682133451229e-05,2.31754782842781e-05
2.48246664862168e-05,1.98250618551754e-05,2.25665054501765e-05,3.10363415349137e-05,4.02664266260091e-05,4.56389328752375e-05,4.39068467239064e-05,3.51828333071098e-05
-1.92478584062668e-05,-1.52416692488275e-05,-1.49313735541653e-05,-1.91592163682793e-05,-2.7050790882308e-05,-3.32317929248908e-05,-3.23737724691323e-05,-2.60350787339809e-05
-1.72702552550058e-05,-1.87374286247468e-05,-2.54901430532535e-05,-3.28786188892097e-05,-3.58437388762179e-05,-3.37725682447606e-05,-2.83097929143193e-05,-2.16326145195114e-05
3.92371636201935e-05,3.53829704323422e-05,3.87198481367884e-05,4.72528989349562e-05,5.6809819403009e-05,6.18393423885991e-05,5.85578328931264e-05,4.90023897714302e-05
-4.48514470030911e-06,-1.06430242805648e-06,2.40051816821602e-06,3.04718264895981e-06,-7.47063217611492e-07,-5.62566834808978e-06,-7.7295365797134e-06,-6.87501522267744e-06
-3.4233849748857e-05,-3.22479315021836e-05,-3.71334381685652e-05,-4.59908607068621e-05,-5.36255974249821e-05,-5.58189404610004e-05,-5.11807904715858e-05,-4.22617833775512e-05
2.88081711944702e-05,2.58913086913966e-05,2.52734515961697e-05,2.75972172031721e-05,3.27625616493486e-05,3.72492411026592e-05,3.72266169269999e-05,3.33931792215709e-05
5.69019287311691e-06,7.64788602835557e-06,1.56879803320444e-05,2.42377511113688e-05,2.73194781875363e-05,2.43480229704531e-05,1.7851827779242e-05,1.0412977751393e-05
-1.84989585509649e-05,-1.37380791867163e-05,-1.53936280328344e-05,-2.28843338627388e-05,-3.22583049107534e-05,-3.75254467221038e-05,-3.53733324258763e-05,-2.7467550894396e-05
2.31410891206758e-05,2.25319135472589e-05,1.91746584259768e-05,1.61459350333465e-05,1.66320682467259e-05,1.89708146764446e-05,2.05679943336899e-05,2.18363577045271e-05
1.3111869451109e-05,1.01654208297431e-05,1.42677297590962e-05,2.259134478391e-05,2.96698743912451e-05,3.18557534585362e-05,2.83356768035122e-05,2.08915349226651e-05
-3.36316006028396e-05,-2.88573337745725e-05,-2.77585649854521e-05,-3.12641578092651e-05,-3.83286756223022e-05,-4.44524809108973e-05,-4.51148199981882e-05,-4.03240045564992e-05
-9.97223823726343e-06,-9.49476524981604e-06,-1.48159993493179e-05,-2.25040648935873e-05,-2.64978279964432e-05,-2.51303562373697e-05,-2.04837517991756e-05,-1.47037931508691e-05
2.22053338035207e-05,2.00380114535545e-05,2.43420580264042e-05,3.21319911851878e-05,3.93969403178522e-05,4.20958951590743e-05,3.84408774900622e-05,3.01810116356865e-05
-1.40015136798227e-05,-1.13935677975212e-05,-7.08362245957937e-06,-4.44358373732288e-06,-6.12588306643294e-06,-1.01264312404096e-05,-1.33146484279647e-05,-1.45419401340129e-05
-2.49315434076623e-05,-2.26409711651056e-05,-2.79100628923002e-05,-3.67356223162411e-05,-4.32262426145444e-05,-4.45776313796639e-05,-4.05512892946375e-05,-3.27646506061203e-05
8.20224900290777e-06,4.67764468782003e-06,5.48147480290483e-06,1.06508171551754e-05,1.81266188749938e-05,2.28174376580495e-05,2.12112731231993e-05,1.49368644131457e-05
-8.18662003001842e-06,-9.21762486375337e-06,-2.45724954687677e-06,7.0477862728395e-06,1.24693545641649e-05,1.18266085577805e-05,6.61255416984496e-06,-1.16205493190641e-06
-1.11852692080335e-05,-8.90430390217776e-06,-1.41493882161598e-05,-2.38369824173079e-05,-3.25284899534535e-05,-3.51892373967141e-05,-3.00611985012972e-05,-2.00450723739176e-05
7.30521936199273e-06,6.65208542789771e-06,3.47968611607521e-06,3.27170091574188e-07,4.69085642798e-07,2.92059753346703e-06,5.10570030283244e-06,6.41080355438921e-06
2.64433535106727e-05,2.28195039969631e-05,2.76022637125815e-05,3.70956306201183e-05,4.53993620681585e-05,4.86276387659455e-05,4.50940019041134e-05,3.60771133085358e-05
-1.86248813594835e-05,-1.72670123802382e-05,-2.01479706540356e-05,-2.57073397148446e-05,-3.13913973160836e-05,-3.37037997251682e-05,-3.08250239234208e-05,-2.43329864108674e-05
-1.88709312048938e-05,-1.64350442838579e-05,-2.10351942442951e-05,-2.88909369184066e-05,-3.4698614224755e-05,-3.61149030678111e-05,-3.2792395935444e-05,-2.5999560291624e-05
4.43622154481738e-05,4.17733543255965e-05,4.28368200369952e-05,4.6709499645917e-05,5.1280299028497e-05,5.41728054993349e-05,5.35939012269865e-05,4.94825404656167e-05
-2.15335815651884e-06,-4.68696053094385e-06,-3.0329802256774e-06,4.72291611659497e-07,2.34135383853777e-06,2.90594961555696e-06,2.96246156190217e-06,1.4625785393988e-06
-2.67469819494548e-05,-2.45880362997846e-05,-2.83890620548511e-05,-3.55675376419899e-05,-4.16892293926205e-05,-4.32651295892406e-05,-3.97377524205924e-05,-3.31968394282748e-05
2.96303554741754e-05,2.89536063157683e-05,2.7962311304745e-05,2.74034905226401e-05,2.85202487945199e-05,3.05583772666024e-05,3.15399431983435e-05,3.07429897968056e-05
2.44695684276917e-05,2.12154459333263e-05,2.29091980076342e-05,2.76769194223449e-05,3.1275373031064e-05,3.26042005838429e-05,3.22021294809635e-05,2.94334192582109e-05
-3.0996523497837e-05,-2.58030793014782e-05,-2.52456369616683e-05,-2.97642097053566e-05,-3.661741368302e-05,-4.18309299948693e-05,-4.23757536345005e-05,-3.78929465903767e-05
7.17616971882945e-06,9.02689818981299e-06,8.64004133312488e-06,6.65395807411694e-06,5.63186040404096e-06,5.83339226760852e-06,5.82587427196508e-06,5.72568998584496e-06
3.49889880436031e-05,3.16409760733533e-05,3.51369067847515e-05,4.28266267207786e-05,4.94640437515069e-05,5.18116773835824e-05,4.92139140114196e-05,4.25619694773565e-05
-2.28663198501595e-05,-2.1733876834877e-05,-1.94289177635889e-05,-1.80328610595003e-05,-1.89726949607085e-05,-2.10068571757652e-05,-2.26300729349709e-05,-2.31505407274233e-05
2.1273025006796e-06,4.45987316556054e-06,1.88281241368733e-06,-3.29631206549927e-06,-7.71118510249442e-06,-9.39637170745339e-06,-7.8201400389361e-06,-3.34978760551605e-06
3.22012738771905e-05,2.87046846506022e-05,2.79794007873221e-05,3.08974115351873e-05,3.54742325385935e-05,3.87476510788284e-05,3.92146901579316e-05,3.65349153323316e-05
1.7103595637375e-06,3.94326562481795e-06,8.05472856990412e-06,1.11320678494073e-05,1.06627704826096e-05,7.20706131135766e-06,3.43825938892231e-06,1.62213815188848e-06
-2.55694387162412e-05,-2.38610587613445e-05,-2.54820859625976e-05,-2.93965444466414e-05,-3.33289443385383e-05,-3.49625012541853e-05,-3.34871972689378e-05,-2.97075783898215e-05
2.32308627249378e-05,2.16190807546686e-05,1.94107863701973e-05,1.8255380569104e-05,1.90735862617428e-05,2.12238042182478e-05,2.33849348440497e-05,2.39959072254391e-05
4.59345836625653e-05,4.41724021363085e-05,4.54642495247022e-05,4.87429760364379e-05,5.13139247922598e-05,5.21006916468626e-05,5.12422339529614e-05,4.90022638927991e-05
-4.43366363557866e-05,-4.06539593022671e-05,-3.82721161813331e-05,-3.90139269735831e-05,-4.25071831853169e-05,-4.64585530591388e-05,-4.86681628796678e-05,-4.7657983820975e-05
2.22407640299875e-05,2.02510605798494e-05,1.6458185680504e-05,1.31003372841577e-05,1.30990443465301e-05,1.64620427160064e-05,2.04212365189517e-05,2.23090864727688e-05
3.42665745581714e-05,3.2326938542766e-05,3.24174084111357e-05,3.4758715528901e-05,3.75017525028102e-05,3.89956697213589e-05,3.87688899737472e-05,3.69450129036791e-05
-2.20333835101865e-05,-1.98598309179593e-05,-1.56915443064734e-05,-1.30838401186648e-05,-1.36787478321925e-05,-1.61828167856091e-05,-1.92238631696162e-05,-2.14562593746422e-05
-2.75063095871787e-05,-2.88845666298589e-05,-3.20237871508942e-05,-3.52510697897732e-05,-3.57520921071692e-05,-3.33158984211199e-05,-3.0171782087244e-05,-2.81369831012405e-05
3.05238431687682e-05,2.82443619408507e-05,2.39447614672423e-05,2.07649989470976e-05,2.05607798806674e-05,2.28473332880992e-05,2.65777729677372e-05,2.97876950457805e-05
-1.94857328931551e-05,-1.84518814427757e-05,-1.35270911215369e-05,-8.21498714551237e-06,-5.87024827461937e-06,-7.17211374138758e-06,-1.12957388461541e-05,-1.62180820496604e-05
-1.85047342926546e-05,-1.65796950979873e-05,-1.5092477250139e-05,-1.57316913104992e-05,-1.73017954688834e-05,-1.83243544293828e-05,-1.91347014950952e-05,-1.95197789705534e-05
4.8925211335524e-05,4.56412565195828e-05,3.98021759628436e-05,3.566363805055e-05,3.53353191725978e-05,3.83169833005012e-05,4.33082838540827e-05,4.76940084063361e-05
1.91761253443776e-05,2.1339663543748e-05,2.34997963110088e-05,2.44533438821362e-05,2.28853660931647e-05,1.99028750773279e-05,1.77853852537859e-05,1.77718329515172e-05
-4.27589749471e-05,-4.23927466925515e-05,-4.04785187782069e-05,-3.87491196363807e-05,-3.84609504879445e-05,-3.92109361167321e-05,-4.07373923136735e-05,-4.20999526555775e-05
1.37823297867713e-05,1.20825991086854e-05,7.28403201751418e-06,2.39947073083422e-06,8.67169208067909e-07,3.00697478536193e-06,7.46028248086202e-06,1.17729292187297e-05
1.22384446389272e-05,1.02662353891999e-05,7.56466736737633e-06,6.58260470504427e-06,7.13801474642918e-06,8.39249105004125e-06,1.03095247918288e-05,1.21317582495802e-05
-2.90563032488138e-05,-2.62198178193793e-05,-1.96440483465177e-05,-1.42355218566338e-05,-1.32043341259231e-05,-1.59753890358578e-05,-2.12859792417758e-05,-2.6682802505294e-05
-2.67606388698222e-08,-5.02830464400463e-07,-3.31444991921387e-06,-7.17871899449724e-06,-9.11005951577663e-06,-8.12255918325842e-06,-5.19344181612329e-06,-2.01796323644555e-06
2.79786732122931e-05,2.64163891628313e-05,2.11560874044907e-05,1.6049574833997e-05,1.35094273992664e-05,1.44014999045465e-05,1.88357965084735e-05,2.46525827555709e-05
2.91325917994542e-06,1.49600424067206e-06,4.7919270393983e-06,1.05617726822978e-05,1.48936574603423e-05,1.60641562931359e-05,1.35440658798897e-05,8.15973990072977e-06
-2.15983205149537e-05,-2.33535175540558e-05,-2.3968645085544e-05,-2.35038761038387e-05,-2.14445116554893e-05,-1.89138700861251e-05,-1.81284382147712e-05,-1.94699416088541e-05
2.29778538493615e-05,2.33799762714771e-05,1.83127423348044e-05,1.14115254341536e-05,6.91340076834156e-06,6.59711628356373e-06,1.05971172677156e-05,1.73638187662379e-05
-3.67001993829983e-06,-6.73083801472535e-06,-6.03254646688482e-06,-1.73314068456275e-06,2.48660401648828e-06,4.4723039976639e-06,3.74600184194301e-06,7.21253133743881e-07
-3.07015933210528e-05,-3.11931588485831e-05,-2.95410303444375e-05,-2.76096706475289e-05,-2.5820072049337e-05,-2.41580183938998e-05,-2.45753756363762e-05,-2.77282998285727e-05
3.86712138171654e-06,5.55644252857316e-06,3.28151745030131e-06,-7.73800450520347e-07,-3.42170025226012e-06,-4.40283417831575e-06,-3.52518855323726e-06,-3.1323963366403e-07
8.91621486664142e-06,1.14689604500706e-05,1.29195405957546e-05,1.31474838962679e-05,1.15978205019218e-05,8.51815006080752e-06,6.2677486909791e-06,6.70225717790198e-06
-2.4120010329549e-05,-2.71256811583153e-05,-2.51700500115306e-05,-1.97813721587032e-05,-1.47294933767425e-05,-1.20941593772547e-05,-1.31855740901367e-05,-1.81773914908753e-05
-1.54377865634823e-06,-2.43801992140031e-06,-6.50679246489192e-06,-1.16498813105407e-05,-1.39590768770997e-05,-1.20043388584424e-05,-7.64335624305941e-06,-3.73167541655544e-06
1.73616067195313e-05,1.96373976809158e-05,1.72367678613432e-05,1.28109457256573e-05,9.09140319643177e-06,6.7753784504015e-06,7.3087171795336e-06,1.18065785705044e-05
-2.05853735831236e-05,-2.12978784386663e-05,-1.51137928631723e-05,-6.12710831248898e-06,-2.90356639880559e-07,-2.45857846284269e-08,-5.3033325271493e-06,-1.36868375714639e-05
-6.33715336622962e-06,-7.5294883494233e-06,-7.78063989938568e-06,-7.7268376955883e-06,-6.87650288950507e-06,-5.07180214205917e-06,-3.78209109964248e-06,-4.60435245887854e-06
3.94252030215051e-05,4.2708222119617e-05,3.94135441691292e-05,3.21774268860938e-05,2.55362746273215e-05,2.21341653623422e-05,2.40459203283586e-05,3.13753227295014e-05
-6.67171517843606e-06,-9.47737648764627e-06,-7.76745031180349e-06,-2.28158707128259e-06,3.13907436840317e-06,5.43282184202996e-06,3.47730644330709e-06,-1.34638029438535e-06
-2.19203912838224e-06,-6.21930862254279e-06,-5.27781303035724e-06,-6.03770562868645e-07,4.9299918827274e-06,9.02249787900088e-06,9.20657216356042e-06,4.40074469886035e-06
-2.8918212824483e-06,-1.75931214925081e-06,-7.70550375896293e-06,-1.71244313598478e-05,-2.37598723278513e-05,-2.44272666600519e-05,-1.9065987517033e-05,-1.02327683513079e-05
1.78201987984421e-05,2.00225581976165e-05,2.02566668822497e-05,1.8940950886451e-05,1.65102972367131e-05,1.37799873096803e-05,1.26704264269798e-05,1.46479877616272e-05
-2.72197680617204e-05,-3.02332280423679e-05,-2.37648255389948e-05,-1.23377288285866e-05,-3.19207932717454e-06,-4.37349612658068e-07,-5.53826075462853e-06,-1.66784486559281e-05
1.07413513692537e-06,-2.81590374942931e-06,-9.77262998447155e-06,-1.59424884126653e-05,-1.69989451281196e-05,-1.2534216673227e-05,-5.50108935121296e-06,-4.86405117375402e-08
1.60687350671922e-05,2.12278534758613e-05,1.87594391002918e-05,1.05455057695249e-05,1.54514130679806e-06,-3.74162088515623e-06,-2.23894904793521e-06,6.16253086509206e-06
8.4826219780421e-06,7.33242704538848e-06,1.6065626866578e-05,2.90787472593806e-05,3.77405243701003e-05,3.78684393431343e-05,3.00108058041739e-05,1.80980326387688e-05
6.45920416446024e-06,2.47873398909335e-06,3.04089368644951e-07,2.87244094824524e-07,2.79789547815389e-06,7.12420889582657e-06,1.05799189922505e-05,1.01299519319853e-05
4.03607304279657e-06,9.27881671143509e-06,4.37695092551103e-06,-7.11233808493816e-06,-1.75537705713051e-05,-2.20713724159233e-05,-1.84453185493544e-05,-7.69636860264258e-06
-1.62025045442158e-05,-1.27400338196868e-05,-5.86033872887509e-06,2.57206473152466e-07,1.47366400141778e-06,-2.38692511115861e-06,-8.85190524622538e-06,-1.44584831125183e-05
1.32137235501345e-05,8.6141728645156e-06,1.24274672921033e-05,2.21656715807322e-05,3.14397364794995e-05,3.55074559300596e-05,3.24634102675067e-05,2.31906632670957e-05
-1.00236339621943e-05,-1.01530443529074e-05,-2.11820273167107e-05,-3.59543312148179e-05,-4.41687605652375e-05,-4.22330721095123e-05,-3.25121382949547e-05,-1.9621414851631e-05
-3.74265183266097e-06,-7.60968500234903e-07,2.47556483888644e-06,3.94550517006783e-06,2.43153617379715e-06,-1.0062790030269e-06,-4.16940753890633e-06,-5.07932455043085e-06
1.98804826509313e-06,-2.02367843096383e-06,4.15580550150827e-06,1.71620387603245e-05,2.8126434872102e-05,3.10305985598583e-05,2.50346142870145e-05,1.31703670309193e-05
1.01812042803279e-05,5.55620374528369e-06,-2.97378321465777e-06,-1.11142676095249e-05,-1.29673170146439e-05,-7.13352497088981e-06,2.13452817970594e-06,8.94023334293666e-06
3.87319091410938e-06,1.00041876122956e-05,8.16960023683959e-06,-5.37896167652162e-07,-9.63104888388019e-06,-1.43411818858821e-05,-1.29423604712294e-05,-5.58415161270515e-06
1.1167786164606e-05,9.94333977031248e-06,1.50921477417311e-05,2.38437538256937e-05,2.98022808929516e-05,3.0003410742773e-05,2.51667840447078e-05,1.75193643813465e-05
5.62529402752893e-06,9.74938296296059e-07,-2.65699242309104e-06,-3.16143021938202e-06,-1.96466949481693e-07,4.40943108179895e-06,7.93162720670011e-06,8.37764096582787e-06
2.64143290092747e-06,5.76799895514056e-06,-6.98619087384533e-07,-1.32782606745543e-05,-2.29655065380271e-05,-2.42915041993235e-05,-1.78246827037212e-05,-7.05002455167511e-06
-2.66855894452514e-06,-1.6776939891988e-06,4.21527893400141e-06,1.13845308059611e-05,1.4519021497898e-05,1.23281027062819e-05,6.92663345817973e-06,1.08182637884863e-06
1.02261821173151e-05,6.82791773688825e-06,1.06332468768074e-05,1.98798085573746e-05,2.86604785474903e-05,3.15472811429994e-05,2.73181339921255e-05,1.85250310876066e-05
-9.23285363438738e-07,1.81132150577567e-06,-3.16751304754176e-06,-1.30867559154913e-05,-2.03279696159067e-05,-2.11094066460372e-05,-1.64038354463779e-05,-8.50812844369475e-06
1.02922314321878e-05,1.75538799977831e-05,2.15416491294184e-05,1.99007663436296e-05,1.34017952745108e-05,6.0309798992547e-06,2.1663583535304e-06,4.02503071880393e-06
-2.1898303101665e-05,-2.58740217543905e-05,-2.19092243715823e-05,-1.20232961213552e-05,-3.42704152656348e-06,-8.66783571249177e-07,-4.79470980086643e-06,-1.32321958353141e-05
