sensor_noise_0,sensor_0,sensor_noise_1,sensor_1,sensor_noise_2,sensor_2,sensor_noise_3,sensor_3,sensor_noise_4,sensor_4,sensor_noise_5,sensor_5,sensor_noise_6,sensor_6,sensor_noise_7,sensor_7,original_signal
9.84187668859062e-06,9.82780952791725e-06,7.72340678297365e-06,7.70933962230028e-06,1.25456790569972e-05,1.253161189632383e-05,2.14767872434263e-05,2.1462720082752932e-05,2.94832222882233e-05,2.946915512754993e-05,3.18320217610242e-05,3.181795460035083e-05,2.69708839888211e-05,2.695681682814773e-05,1.76863920740064e-05,1.767232491333303e-05,-1.40671606733691e-08
1.91246765664765e-06,1.8959028730023777e-06,3.65059099041545e-06,3.6340262067701777e-06,3.41922247597574e-06,3.4026576923304677e-06,1.3558976376414e-06,1.3393328539961276e-06,-3.31751911247492e-06,-3.3340838961201923e-06,-7.53260785440621e-06,-7.549172638051483e-06,-6.9864468803681e-06,-7.003011664013373e-06,-2.3902001463184e-06,-2.4067649299636725e-06,-1.65647836452725e-08
-1.9099235214384e-06,-1.929304482711852e-06,1.11634666616719e-07,9.22537053432669e-08,-3.70903098791151e-06,-3.728411949184962e-06,-1.13908991226623e-05,-1.1410280083935753e-05,-1.73066587689392e-05,-1.7326039730212653e-05,-1.79427462616632e-05,-1.7962127222936655e-05,-1.4048543151209e-05,-1.4067924112482452e-05,-7.67832128688519e-06,-7.697702248158642e-06,-1.93809612734521e-08
4.49807450985388e-07,4.282773263162658e-07,-2.77162565643064e-06,-2.7931557810997625e-06,-6.30277106787872e-07,-6.518072314569942e-07,5.60994679367344e-06,5.588416669004318e-06,1.35233239024024e-05,1.3501793777733278e-05,1.81647189751527e-05,1.8143188850483576e-05,1.56939653692278e-05,1.5672435244558678e-05,7.90771369981183e-06,7.88618357514271e-06,-2.15301246691222e-08
8.27221218918307e-06,8.250188412987476e-06,8.78500698235978e-06,8.762983206164186e-06,1.17389836911324e-05,1.1716959914936806e-05,1.53675988061657e-05,1.534557502997011e-05,1.61526712394473e-05,1.6130647463251707e-05,1.38728522362258e-05,1.3850828460030205e-05,1.12659493274963e-05,1.1243925551300705e-05,9.38842591978677e-06,9.366402143591176e-06,-2.20237761955939e-08
1.3670778152465e-05,1.365069538601842e-05,1.78456680580624e-05,1.7825585291615822e-05,1.61939743009578e-05,1.617389153451122e-05,9.48654211725869e-06,9.46645935081211e-06,1.80487193663884e-06,1.7847891701922597e-06,-2.05614612215598e-06,-2.0762288886025605e-06,1.1369375655783e-07,9.361099011124959e-08,6.64089548263883e-06,6.6208127161922495e-06,-2.00827664465804e-08
2.72479027256969e-05,2.7232590794355616e-05,2.56475091690722e-05,2.5632197237730917e-05,2.49733295059299e-05,2.4958017574588615e-05,2.54134577589165e-05,2.5398145827575218e-05,2.83787110893516e-05,2.8363399158010318e-05,3.21035607938294e-05,3.2088248862488114e-05,3.26661656002535e-05,3.265085366891222e-05,3.00875908537269e-05,3.0072278922385615e-05,-1.53119313412835e-08
-1.54981953399023e-06,-1.5576221901292544e-06,-4.02459403876559e-06,-4.032396694904614e-06,-9.66863235086057e-07,-9.746658912250814e-07,6.02471999240554e-06,6.016917336266516e-06,1.20478793958483e-05,1.2040076739709275e-05,1.33740624189356e-05,1.3366259762796575e-05,1.01830765755978e-05,1.0175273919458776e-05,4.23636830902925e-06,4.228565652890226e-06,-7.80265613902433e-09
6.85851407006217e-06,6.860365699581116e-06,8.91766660408007e-06,8.919518233599018e-06,7.78002678225524e-06,7.781878411774187e-06,4.11738963737552e-06,4.119241266894467e-06,-1.0273617641836e-06,-1.0255101346646537e-06,-4.21967642605003e-06,-4.217824796531084e-06,-2.68715598634051e-06,-2.6853043568215636e-06,2.18224207570047e-06,2.184093705219416e-06,1.85162951894629e-09
-2.12084308898009e-06,-2.108213295705969e-06,-1.02545328629332e-06,-1.0128234930191987e-06,-4.00531890597382e-06,-3.9926891126996986e-06,-9.73798640555425e-06,-9.725356612280129e-06,-1.35138092932411e-05,-1.3501179499966979e-05,-1.27477855908695e-05,-1.273515579759538e-05,-9.41867926208494e-06,-9.406049468810819e-06,-5.49438040356478e-06,-5.4817506102906585e-06,1.26297932741213e-08
-1.4415127200412e-05,-1.4391892213136295e-05,-1.61513301727855e-05,-1.6128095185509796e-05,-1.28538263357412e-05,-1.2830591348465496e-05,-5.93767030148734e-06,-5.914435314211637e-06,4.13867879849625e-07,4.371028671253284e-07,1.91612178636029e-06,1.9393567736359932e-06,-1.87835615357624e-06,-1.8551211663005368e-06,-8.66218447352729e-06,-8.638949486251586e-06,2.32349872757034e-08
1.75565244389434e-05,1.7588817101153142e-05,1.65802925948866e-05,1.6612585257096343e-05,1.6082174392773e-05,1.6114467054982744e-05,1.64894652152587e-05,1.6521757877468444e-05,1.61920223320908e-05,1.6224314994300543e-05,1.53966822669851e-05,1.542897492919484e-05,1.60741973929476e-05,1.6106490055157344e-05,1.74165039527653e-05,1.744879661497504e-05,3.22926622097443e-08
4.0495428055349e-05,4.053399371760912e-05,4.33397748397824e-05,4.337834050204253e-05,3.94745619501314e-05,3.9513127612391526e-05,3.09097739184517e-05,3.0948339580711826e-05,2.34463231082733e-05,2.3484888770533427e-05,2.17012503039469e-05,2.1739815966207026e-05,2.57580735792529e-05,2.5796639241513027e-05,3.33429364377674e-05,3.338150210002752e-05,3.8565662260126e-08
-1.54193310417173e-05,-1.5378185725285436e-05,-1.53470412164077e-05,-1.5305895899975835e-05,-1.30045571677435e-05,-1.2963411851311638e-05,-1.01639883699224e-05,-1.0122843053490539e-05,-7.96992520715231e-06,-7.928779890720449e-06,-7.50749063366635e-06,-7.466345317234488e-06,-9.6969890786759e-06,-9.655843762244039e-06,-1.31328411554597e-05,-1.3091695839027839e-05,4.11453164318617e-08
3.03694445299564e-06,3.076534525594047e-06,-1.36133195751639e-07,-9.65431231532322e-08,1.13095453539693e-06,1.1705446079953368e-06,7.09924349488979e-06,7.138833567488196e-06,1.30519434808198e-05,1.3091533553418207e-05,1.48557041908597e-05,1.4895294263458107e-05,1.26991210831947e-05,1.2738711155793107e-05,8.01136335660174e-06,8.050953429200147e-06,3.95900725984068e-08
1.6104975334773e-05,1.613896848959255e-05,1.79337785407979e-05,1.796777169561745e-05,1.65308431712351e-05,1.656483632605465e-05,1.26017468436393e-05,1.2635739998458852e-05,8.45414871146632e-06,8.488141866285872e-06,6.88783798494269e-06,6.921831139762241e-06,8.72759163697748e-06,8.761584791797031e-06,1.24537239433418e-05,1.2487717098161351e-05,3.39931548195506e-08
-8.13204313996029e-06,-8.107078082443418e-06,-5.32560885978009e-06,-5.300643802263218e-06,-3.93786142449391e-06,-3.912896366977038e-06,-6.18919445253317e-06,-6.164229395016298e-06,-9.31131063924501e-06,-9.286345581728138e-06,-1.04443608679922e-05,-1.0419395810475327e-05,-1.05066589031639e-05,-1.0481693845647028e-05,-9.90325679583011e-06,-9.878291738313238e-06,2.49650575168718e-08
-6.56328845509615e-06,-6.549745618818583e-06,-9.00280434998199e-06,-8.989261513704422e-06,-7.22023791225881e-06,-7.206695075981244e-06,-1.45843684262051e-06,-1.4448940063429429e-06,4.22853983942042e-06,4.242082675697987e-06,5.6990860635494e-06,5.712628899826967e-06,2.86684820348734e-06,2.880391039764907e-06,-2.03323619858923e-06,-2.019693362311663e-06,1.3542836277567e-08
2.35212425325157e-05,2.352228303420826e-05,2.06601685195242e-05,2.066120902121676e-05,1.90064617633336e-05,1.9007502265026156e-05,1.995221387731e-05,1.9953254379002556e-05,2.2026258657665e-05,2.202729915935756e-05,2.38935542599606e-05,2.3894594761653158e-05,2.54805149775725e-05,2.548155547926506e-05,2.55819010310982e-05,2.558294153279076e-05,1.04050169255785e-09
1.59225383689682e-05,1.5911404923927106e-05,2.08484284202344e-05,2.0837294975193306e-05,2.07539594326495e-05,2.0742825987608408e-05,1.50361129062223e-05,1.5024979461181205e-05,8.1111762142921e-06,8.100042769251005e-06,4.37674062108557e-06,4.365607176044476e-06,4.93268725937293e-06,4.921553814331836e-06,9.54053722622945e-06,9.529403781188355e-06,-1.11334450410939e-08
-2.07426961597088e-05,-2.0764357916732523e-05,-2.08693284432358e-05,-2.0890990200259524e-05,-1.93096159897482e-05,-1.9331277746771923e-05,-1.717988503172e-05,-1.720154678874372e-05,-1.51615610795638e-05,-1.5183222836587522e-05,-1.44188781368726e-05,-1.4440539893896322e-05,-1.60295487595892e-05,-1.6051210516612923e-05,-1.88509857590005e-05,-1.8872647516024223e-05,-2.16617570237229e-08
6.24155661574852e-06,6.212077434431101e-06,-5.63289380927879e-07,-5.927685622452976e-07,-3.61132619468156e-06,-3.6408053759989784e-06,2.78187568853934e-07,2.487083875365154e-07,7.91882237186414e-06,7.889343190546721e-06,1.37614231053809e-05,1.3731943924063481e-05,1.54911385439718e-05,1.5461659362654384e-05,1.25284632569879e-05,1.249898407567048e-05,-2.94791813174186e-08
1.93365116750862e-05,1.9302621413485745e-05,2.05178207472329e-05,2.0483930485632443e-05,1.90146125364243e-05,1.8980722274823844e-05,1.55364846793695e-05,1.5502594417769043e-05,1.26717796964579e-05,1.2637889434857445e-05,1.24717317011085e-05,1.2437841439508046e-05,1.41857372665091e-05,1.4151847004908645e-05,1.68401495293835e-05,1.6806259267783042e-05,-3.38902616004552e-08
-1.26724524645767e-05,-1.2707078453574575e-05,-4.68122145707129e-06,-4.715847446069165e-06,7.80759145849896e-07,7.461331568520215e-07,-7.49318973086829e-07,-7.839449620847035e-07,-7.53987626787037e-06,-7.574502256868245e-06,-1.48835678516299e-05,-1.4918193840627775e-05,-1.9376284957034e-05,-1.9410910946031876e-05,-1.85459518618032e-05,-1.8580577850801075e-05,-3.46259889978745e-08
-1.63229595085428e-05,-1.6354801740549566e-05,-2.20846336484309e-05,-2.2116475880437666e-05,-2.32161852549633e-05,-2.3248027486970065e-05,-1.83542245384542e-05,-1.8386066770460966e-05,-1.06475451360548e-05,-1.0679387368061566e-05,-5.27249441585015e-06,-5.304336647856917e-06,-4.8282637974768e-06,-4.860106029483567e-06,-9.43316265426881e-06,-9.465004886275576e-06,-3.18422320067668e-08
3.68311579511718e-05,3.6805095040432505e-05,3.17498883067778e-05,3.1723825396038506e-05,2.72429015206601e-05,2.72168386099208e-05,2.68295686347629e-05,2.68035057240236e-05,3.07168703960788e-05,3.0690807485339504e-05,3.61336611461625e-05,3.61075982354232e-05,3.98323970481298e-05,3.9806334137390504e-05,3.99927348012183e-05,3.9966671890479e-05,-2.60629107393001e-08
-1.03018030783858e-05,-1.0319887904021655e-05,-5.15348803102738e-07,-5.334336287385935e-07,2.90668832453748e-06,2.8886034989016246e-06,-3.13883351322373e-06,-3.1569183388595856e-06,-1.42967162124783e-05,-1.4314801038114155e-05,-2.33482924398993e-05,-2.3366377265535157e-05,-2.60164794021971e-05,-2.603456422783296e-05,-2.06667280714101e-05,-2.0684812897045955e-05,-1.80848256358556e-08
-2.90963626957381e-05,-2.9105223156385257e-05,-3.06163381592881e-05,-3.0625198619935256e-05,-2.64982924867682e-05,-2.6507152947415355e-05,-1.92367022440961e-05,-1.9245562704743254e-05,-1.37056109285914e-05,-1.3714471389238554e-05,-1.32461038293463e-05,-1.3254964289993453e-05,-1.72576081109293e-05,-1.7266468571576454e-05,-2.35764821220548e-05,-2.3585342582701955e-05,-8.86046064715451e-09
2.23854344625587e-05,2.2386053715579408e-05,1.59130600885252e-05,1.591367934154591e-05,1.18149376327059e-05,1.1815556885726609e-05,1.36305313611013e-05,1.3631150614122008e-05,2.00141495084273e-05,2.001476876144801e-05,2.65324191815041e-05,2.6533038434524807e-05,2.97657130431342e-05,2.976633229615491e-05,2.79187710977622e-05,2.7919390350782908e-05,6.19253020707438e-10
1.06748040474741e-05,1.0684233506000473e-05,1.47847102852339e-05,1.4794139743760272e-05,1.45661108424388e-05,1.4575540300965173e-05,9.74854892755687e-06,9.757978386083242e-06,3.81035598154701e-06,3.819785440073383e-06,6.27180412397569e-07,6.366098709239413e-07,9.45312456351606e-07,9.547419148779784e-07,4.94968011875403e-06,4.959109577280403e-06,9.42945852637234e-09
-3.35928772535326e-05,-3.3576089070825326e-05,-2.84451768812278e-05,-2.8428388698520527e-05,-2.50137819565337e-05,-2.4996993773826426e-05,-2.63256071095782e-05,-2.6308818926870926e-05,-3.19391133158402e-05,-3.1922325133132925e-05,-3.81172716705249e-05,-3.8100483487817624e-05,-4.07388727670173e-05,-4.072208458431003e-05,-3.84658773083082e-05,-3.8449089125600926e-05,1.67881827072741e-08
1.04821228342073e-05,1.050422697674266e-05,6.31989061411179e-07,6.540932039465371e-07,-3.13229723853498e-06,-3.110193095999622e-06,2.84622081262923e-06,2.868324955164588e-06,1.44204040565094e-05,1.4442508199044758e-05,2.34992504799559e-05,2.3521354622491258e-05,2.58256523265172e-05,2.5847756469052558e-05,2.05646511372859e-05,2.058675527982126e-05,2.21041425353581e-08
4.25697464770962e-05,4.259474120064347e-05,4.36578050257391e-05,4.3682799749286374e-05,4.06592004261423e-05,4.068419514968957e-05,3.54676217814087e-05,3.549261650495597e-05,3.19462826252416e-05,3.197127734878887e-05,3.22950525416469e-05,3.232004726519417e-05,3.52750881506506e-05,3.530008287419787e-05,3.91455670195903e-05,3.9170561743137574e-05,2.49947235472705e-08
-2.29251950483133e-05,-2.2899911725012312e-05,-1.39321000144942e-05,-1.390681669119321e-05,-7.01001290792716e-06,-6.98472958462617e-06,-7.88770072128986e-06,-7.86241739798887e-06,-1.57727467980811e-05,-1.574746347478011e-05,-2.49883361913464e-05,-2.4963052868045412e-05,-3.04561959126324e-05,-3.0430912589331413e-05,-2.94069083650365e-05,-2.938162504173551e-05,2.52833233009897e-08
-2.73569220870063e-05,-2.733393988516942e-05,-3.34217698711953e-05,-3.339878766935842e-05,-3.34386151360863e-05,-3.341563293424942e-05,-2.6476128592487e-05,-2.645314639065012e-05,-1.73857743506924e-05,-1.736279214885552e-05,-1.24138648903438e-05,-1.2390882688506922e-05,-1.33053449154831e-05,-1.3282362713646222e-05,-1.9329889086139e-05,-1.9306906884302122e-05,2.29822018368782e-08
5.36602229657799e-05,5.367849745606056e-05,4.68342025047483e-05,4.685247699502896e-05,3.84557911927712e-05,3.8474065683051864e-05,3.46016748584092e-05,3.4619949348689865e-05,3.77454476187656e-05,3.776372210904626e-05,4.52908019242667e-05,4.530907641454736e-05,5.25186274712277e-05,5.2536901961508364e-05,5.57438584225947e-05,5.576213291287536e-05,1.82744902806615e-08
2.52039735170823e-06,2.5318953007292142e-06,1.18208780354347e-05,1.1832375984455685e-05,1.79693666427822e-05,1.798086459180318e-05,1.54256442792221e-05,1.5437142228243083e-05,6.43435410780996e-06,6.4458520568309445e-06,-2.14186804668009e-06,-2.130370097659106e-06,-6.29377569061326e-06,-6.2822777415922755e-06,-4.43767273196863e-06,-4.4261747829476455e-06,1.14979490209841e-08
-4.04240599843183e-05,-4.04209246198988e-05,-3.78290645630366e-05,-3.78259291986171e-05,-3.28680442757268e-05,-3.2864908911307304e-05,-2.8360493562731e-05,-2.8357358198311506e-05,-2.75861955657219e-05,-2.758306020130241e-05,-3.14559808487057e-05,-3.14528454842862e-05,-3.67778206555813e-05,-3.677468529116181e-05,-4.01505015822614e-05,-4.014736621784191e-05,3.1353644194927e-09
3.20359828886575e-05,3.20297931662062e-05,2.2264439664573e-05,2.22582499421217e-05,1.57310295478133e-05,1.5724839825361998e-05,1.81334001791623e-05,1.8127210456711e-05,2.77833354450989e-05,2.77771457226476e-05,3.75922965376148e-05,3.7586106815163494e-05,4.22656905240133e-05,4.2259500801561994e-05,3.98468725060805e-05,3.9840682783629194e-05,-6.18972245130115e-09
3.23244460018216e-05,3.23087240569931e-05,3.54620685486e-05,3.54463466037715e-05,3.35675356143541e-05,3.35518136695256e-05,2.67463726308415e-05,2.6730650686013005e-05,1.95146863255623e-05,1.9498964380733804e-05,1.73646018009053e-05,1.7348879856076805e-05,2.05169198641984e-05,2.0501197919369904e-05,2.64716973241545e-05,2.6455975379326003e-05,-1.57219448284967e-08
-4.02599616975512e-05,-4.028455591149195e-05,-3.08960255296725e-05,-3.0920619743613255e-05,-2.18758941851488e-05,-2.190048839908955e-05,-1.92123321852486e-05,-1.923692639918935e-05,-2.46289565434782e-05,-2.465355075741895e-05,-3.46327941639091e-05,-3.465738837784985e-05,-4.31677045078515e-05,-4.319229872179225e-05,-4.53052058322564e-05,-4.532980004619715e-05,-2.45942139407496e-08
-5.17119907992417e-06,-5.203068892963422e-06,-1.34107561380649e-05,-1.3442625951104153e-05,-2.14695984768634e-05,-2.1501468289902654e-05,-2.28541989564603e-05,-2.2886068769499553e-05,-1.76675663635672e-05,-1.769943617660645e-05,-1.07207383097344e-05,-1.0752608122773653e-05,-4.81093775280884e-06,-4.842807565848092e-06,-2.23013235629215e-06,-2.262002169331402e-06,-3.1869813039252e-08
3.28228805413224e-05,3.2786269186861137e-05,3.00298414414433e-05,2.9993230086982035e-05,2.68692054752837e-05,2.6832594120822434e-05,2.51509432716615e-05,2.5114331917200234e-05,2.64469689202902e-05,2.6410357565828935e-05,3.04088656911372e-05,3.0372254336675937e-05,3.39187292453555e-05,3.388211789089423e-05,3.45851781713904e-05,3.4548566816929136e-05,-3.66113544612646e-08
-4.19283580731677e-05,-4.1966336069591146e-05,-3.22972632119832e-05,-3.233524120840665e-05,-2.16847710703858e-05,-2.1722749066809248e-05,-1.78899042947884e-05,-1.792788229121185e-05,-2.30277730128086e-05,-2.306575100923205e-05,-3.26679913245097e-05,-3.270596932093315e-05,-4.1646688068292e-05,-4.168466606471545e-05,-4.54353637555608e-05,-4.547334175198425e-05,-3.79779964234497e-08
-1.46329293849181e-05,-1.4668271616490885e-05,-1.61137187775082e-05,-1.6149061009080984e-05,-1.88200700965667e-05,-1.8855412328139485e-05,-1.97917550057009e-05,-1.9827097237273685e-05,-1.95557935448117e-05,-1.9591135776384486e-05,-1.94214341454201e-05,-1.9456776376992885e-05,-1.83866346049345e-05,-1.8421976836507284e-05,-1.61457922339902e-05,-1.6181134465562985e-05,-3.53422315727842e-08
5.29977216908656e-05,5.2969308493388814e-05,4.54455431030258e-05,4.5417129905549014e-05,3.83669845833595e-05,3.833857138588272e-05,3.68276089236885e-05,3.679919572621172e-05,4.14045788277301e-05,4.137616563025332e-05,4.88955917764217e-05,4.886717857894492e-05,5.51879686843837e-05,5.515955548690692e-05,5.68861318915911e-05,5.6857718694114314e-05,-2.84131974767868e-08
-3.60002639807856e-06,-3.6173705264473523e-06,3.0507036767704e-06,3.0333595484016074e-06,9.44082772213339e-06,9.423483593764598e-06,1.04464066688391e-05,1.0429062540470306e-05,6.119092962148e-06,6.101748833779207e-06,3.99649796289871e-07,3.823056679210784e-07,-4.38989699168426e-06,-4.407241120053053e-06,-6.28926109217257e-06,-6.306605220541363e-06,-1.73441283687926e-08
-4.37231441286392e-05,-4.3725946676495156e-05,-3.84212765946851e-05,-3.8424079142541055e-05,-3.27879768896908e-05,-3.2790779437546755e-05,-2.98185622865322e-05,-2.9821364834388155e-05,-3.19852715503941e-05,-3.198807409825006e-05,-3.84435180425694e-05,-3.844632059042535e-05,-4.45263632478692e-05,-4.452916579572516e-05,-4.64120877652111e-05,-4.641489031306706e-05,-2.80254785595631e-09
2.33670120890432e-05,2.3381030777676752e-05,1.64962292842474e-05,1.651024797288095e-05,1.04904802021005e-05,1.0504498890734049e-05,1.05092150978608e-05,1.0523233786494349e-05,1.61131292975472e-05,1.612714798618075e-05,2.24632417827714e-05,2.247726047140495e-05,2.65567796603404e-05,2.657079834897395e-05,2.70767470024593e-05,2.709076569109285e-05,1.40186886335488e-08
-1.28508841733328e-06,-1.2536208356121863e-06,5.36943906428702e-07,5.684114881497958e-07,3.9732759486996e-06,4.004743530420694e-06,5.74241258346296e-06,5.773880165184054e-06,5.17703945576454e-06,5.208507037485634e-06,4.06468228686438e-06,4.096149868585474e-06,2.465196998785e-06,2.4966645805060937e-06,7.10203990791167e-08,1.0248798080021041e-07,3.14675817210937e-08
-6.21232961138232e-05,-6.20757208429907e-05,-5.26295246767884e-05,-5.2581949405955895e-05,-4.43334808902083e-05,-4.4285905619375796e-05,-4.32948218864662e-05,-4.32472466156337e-05,-5.01347984215742e-05,-5.00872231507417e-05,-5.98888416120068e-05,-5.984126634117429e-05,-6.69756274035843e-05,-6.69280521327518e-05,-6.78403855789615e-05,-6.7792810308129e-05,4.75752708325028e-08
7.97779521477054e-06,8.03806609177375e-06,6.05327657200698e-06,6.11354744901019e-06,2.52679307099931e-06,2.587063948002521e-06,8.94277194068531e-07,9.54548071071742e-07,1.20473387918238e-06,1.265004756185591e-06,1.69917286781724e-06,1.7594437448204508e-06,3.27308479334377e-06,3.3333556703469807e-06,6.31369598060534e-06,6.373966857608551e-06,6.02708770032108e-08
4.80987151785204e-05,4.816635928299631e-05,4.2310322478296e-05,4.237796658277191e-05,3.74521359495896e-05,3.751978005406551e-05,3.66009462134531e-05,3.666859031792901e-05,4.08776520241151e-05,4.094529612859101e-05,4.77842892091547e-05,4.785193331363061e-05,5.25333894796817e-05,5.260103358415761e-05,5.23667565848041e-05,5.243440068928001e-05,6.76441044759071e-08
-4.33821969158569e-05,-4.3313975094594536e-05,-3.85455172278709e-05,-3.847729540660854e-05,-3.27328488539958e-05,-3.266462703273344e-05,-3.13138591974382e-05,-3.124563737617584e-05,-3.47800346280209e-05,-3.471181280675854e-05,-3.90507845560963e-05,-3.898256273483394e-05,-4.23607904323191e-05,-4.229256861105674e-05,-4.4377484607258e-05,-4.430926278599564e-05,6.82218212623606e-08
1.48732612380329e-05,1.4934479778217914e-05,1.48079800417665e-05,1.4869198581951514e-05,1.29113899159782e-05,1.2972608456163214e-05,1.1338329639212e-05,1.1399548179397014e-05,1.01774857214674e-05,1.0238704261652414e-05,8.91028170083831e-06,8.971500241023324e-06,9.27650893327935e-06,9.337727473464364e-06,1.20839938179535e-05,1.2145212358138515e-05,6.12185401850136e-08
4.66084577375129e-05,4.6655176252525276e-05,3.72791064417328e-05,3.732582495674518e-05,2.85007814026824e-05,2.8547499917694775e-05,2.63213280518163e-05,2.6368046566828676e-05,3.17107107575009e-05,3.175742927251328e-05,4.08858349468277e-05,4.093255346184008e-05,4.87814643744639e-05,4.882818288947628e-05,5.11853273426323e-05,5.123204585764468e-05,4.67185150123768e-08
-4.23445160825556e-05,-4.231876238595669e-05,-3.74011927831063e-05,-3.737543908650739e-05,-3.10052884515761e-05,-3.0979534754977186e-05,-2.85098218221226e-05,-2.8484068125523682e-05,-3.06799196971819e-05,-3.0654166000582985e-05,-3.4567903133841e-05,-3.454214943724208e-05,-3.8817480274859e-05,-3.8791726578260084e-05,-4.23055513732991e-05,-4.2279797676700185e-05,2.57536965989167e-08
-4.06767227979572e-05,-4.067646654077934e-05,-3.53518095236653e-05,-3.5351553266487435e-05,-3.1443232110786e-05,-3.1442975853608134e-05,-3.1339957113458e-05,-3.1339700856280136e-05,-3.5133191106286e-05,-3.5132934849108134e-05,-4.07671272841174e-05,-4.0766871026939536e-05,-4.48359357012258e-05,-4.483567944404793e-05,-4.47198078077572e-05,-4.4719551550579334e-05,2.56257177868217e-10
4.25721628317995e-05,4.2545043239361066e-05,3.5885779377512e-05,3.585865978507356e-05,2.92612877466963e-05,2.9234168154257864e-05,2.8495268145612e-05,2.8468148553173566e-05,3.3071818839092e-05,3.3044699246653564e-05,3.855425966579e-05,3.8527140073351564e-05,4.28333443144644e-05,4.2806224722025964e-05,4.4773569800465e-05,4.474645020802657e-05,-2.71195924384357e-08
1.05416020767874e-05,1.0488311947516694e-05,9.84152986895688e-06,9.788239739686174e-06,9.21784369248626e-06,9.164553563215553e-06,8.33416320264521e-06,8.280873073374504e-06,8.11274868383878e-06,8.059458554568073e-06,9.69162042454093e-06,9.638330295270223e-06,1.15990853595165e-05,1.1545795230245793e-05,1.1711769018632e-05,1.1658478889361293e-05,-5.32901292707061e-08
-2.85843753678771e-05,-2.865949107967255e-05,-2.28237742590394e-05,-2.289888997083485e-05,-1.7791109336015e-05,-1.786622504781045e-05,-1.74817079861867e-05,-1.755682369798215e-05,-2.14022631996096e-05,-2.147737891140505e-05,-2.66319814062681e-05,-2.670709711806355e-05,-3.06816382912757e-05,-3.075675400307115e-05,-3.15633892999152e-05,-3.163850501171065e-05,-7.5115711795449e-08
3.28208046951639e-05,3.2731000644536306e-05,3.21478457619756e-05,3.205804171134801e-05,2.96841981224611e-05,2.959439407183351e-05,2.8430153366692e-05,2.834034931606441e-05,2.81022633497064e-05,2.801245929907881e-05,2.72301091382985e-05,2.714030508767091e-05,2.75571288855438e-05,2.7467324834916208e-05,3.02765288056359e-05,3.018672475500831e-05,-8.9804050627591e-08
2.15244224138003e-05,2.1429133699390275e-05,1.73636593935885e-05,1.7268370679178475e-05,1.38988085429598e-05,1.3803519828549775e-05,1.34565326608458e-05,1.3361243946435775e-05,1.60824536868031e-05,1.5987164972393075e-05,2.038545161817e-05,2.0290162903759974e-05,2.3825224223227e-05,2.3729935508816974e-05,2.42025987009129e-05,2.410730998650287e-05,-9.52887144100253e-08
-3.77150097422027e-05,-3.780553640534363e-05,-3.39130854892393e-05,-3.400361215238023e-05,-2.91721170318802e-05,-2.9262643695021132e-05,-2.77131161954408e-05,-2.780364285858173e-05,-2.97057146282235e-05,-2.9796241291364433e-05,-3.28896141690582e-05,-3.2980140832199126e-05,-3.59687708913171e-05,-3.605929755445803e-05,-3.8043812914038e-05,-3.813433957717893e-05,-9.05266631409304e-08
-3.94906817506735e-06,-4.024736345512523e-06,-1.45274720901152e-06,-1.528415379456694e-06,-1.7522480173179e-07,-2.50892972176964e-07,-5.00401445411198e-07,-5.76069615856372e-07,-2.39852433166903e-06,-2.4741925021142043e-06,-5.38167897450986e-06,-5.457347144955034e-06,-7.44642238587598e-06,-7.522090556321154e-06,-6.73344489601195e-06,-6.809113066457124e-06,-7.5668170445174e-08
5.02100302089558e-05,5.015795500009205e-05,4.67884419830904e-05,4.6736366774226646e-05,4.19915959949852e-05,4.193952078612145e-05,4.02645841697015e-05,4.021250896083775e-05,4.21200225353861e-05,4.2067947326522344e-05,4.53673863477752e-05,4.5315311138911445e-05,4.85387145652556e-05,4.848663935639185e-05,5.04912148829812e-05,5.043913967411745e-05,-5.20752088637522e-08
-2.74834523055705e-05,-2.7505631575581874e-05,-2.65280827914801e-05,-2.6550262061491473e-05,-2.37953215795562e-05,-2.381750084956757e-05,-2.1931938254032e-05,-2.1954117524043374e-05,-2.16746225351721e-05,-2.1696801805183473e-05,-2.18637466545142e-05,-2.1885925924525574e-05,-2.28306328732196e-05,-2.2852812143230973e-05,-2.53639257919842e-05,-2.5386105061995572e-05,-2.21792700113728e-08
-2.12760147838661e-05,-2.1265213232498364e-05,-1.4886188986825e-05,-1.4875387435457262e-05,-9.87276784898048e-06,-9.861966297612743e-06,-9.58322355197445e-06,-9.572422000606713e-06,-1.42879747363236e-05,-1.4277173184955862e-05,-2.13782063222407e-05,-2.136740477087296e-05,-2.63969348702813e-05,-2.638613331891356e-05,-2.60678681022043e-05,-2.6057066550836563e-05,1.08015513677378e-08
4.88924530892164e-05,4.8935703641813806e-05,4.48682402642351e-05,4.491149081683251e-05,3.85732519478567e-05,3.861650250045411e-05,3.51333244826478e-05,3.5176575035245207e-05,3.61597257218465e-05,3.6202976274443906e-05,3.98195511383996e-05,3.986280169099701e-05,4.42306230556897e-05,4.4273873608287105e-05,4.79861343527833e-05,4.8029384905380704e-05,4.32505525974053e-08
2.07733376492715e-05,2.08449249267113e-05,1.98462586380024e-05,1.99178459154422e-05,2.05075699975768e-05,2.05791572750166e-05,2.13804292395931e-05,2.14520165170329e-05,2.20186854203838e-05,2.20902726978236e-05,2.36575716885275e-05,2.3729158965967298e-05,2.50928165543161e-05,2.51644038317559e-05,2.36319394734139e-05,2.37035267508537e-05,7.15872774397986e-08
-4.78159256656649e-05,-4.7723229082615484e-05,-4.61120253094839e-05,-4.601932872643448e-05,-4.33325526675901e-05,-4.3239856084540683e-05,-4.29351645547021e-05,-4.284246797165268e-05,-4.45913577496451e-05,-4.449866116659568e-05,-4.61291468312941e-05,-4.603645024824468e-05,-4.69060619402096e-05,-4.681336535716018e-05,-4.74921394404599e-05,-4.7399442857410484e-05,9.26965830494183e-08
4.25931367261156e-05,4.2697426884049195e-05,4.25897359799154e-05,4.2694026137848994e-05,4.19681955961344e-05,4.207248575406799e-05,4.27833595143387e-05,4.2887649672272296e-05,4.40138269414659e-05,4.411811709939949e-05,4.33129396269278e-05,4.3417229784861394e-05,4.14781126670773e-05,4.158240282501089e-05,4.12727835424477e-05,4.1377073700381295e-05,1.04290157933593e-07
2.19519150627041e-05,2.2057071597757497e-05,1.89481178517132e-05,1.9053274386766596e-05,1.59913081768169e-05,1.6096464711870296e-05,1.52146182314625e-05,1.5319774766515897e-05,1.7092863833749e-05,1.7198020368802396e-05,2.07146483837358e-05,2.0819804918789195e-05,2.35970140783207e-05,2.3702170613374097e-05,2.3881261878336e-05,2.3986418413389396e-05,1.05156535053397e-07
-3.78323572341677e-05,-3.773708384710745e-05,-3.60257411928651e-05,-3.5930467805804846e-05,-3.50466743537095e-05,-3.4951400966649245e-05,-3.72340508725161e-05,-3.713877748545585e-05,-4.07439913329856e-05,-4.064871794592535e-05,-4.21351777531716e-05,-4.2039904366111345e-05,-4.07883386515615e-05,-4.0693065264501246e-05,-3.89641313752199e-05,-3.8868857988159647e-05,9.52733870602564e-08
-4.4362939712938e-06,-4.360522232305527e-06,-8.54549362888618e-08,-9.683197300589105e-09,3.10293912842746e-06,3.1787108674157325e-06,4.08679485358626e-06,4.162566592574533e-06,2.26083380635658e-06,2.336605545344853e-06,-2.68909527292931e-06,-2.6133235339410373e-06,-7.62734826638078e-06,-7.5515765273925065e-06,-8.18650818110722e-06,-8.110736442118947e-06,7.57717389882727e-08
3.0067612485175e-05,3.0116379299935692e-05,2.90561635871286e-05,2.9104930401889292e-05,2.56552247326319e-05,2.570399154739259e-05,2.33131674221774e-05,2.3361934236938094e-05,2.33933521277968e-05,2.3442118942557494e-05,2.49608183882214e-05,2.5009585202982092e-05,2.66237868425284e-05,2.6672553657289094e-05,2.8429967648508e-05,2.8478734463268694e-05,4.87668147606913e-08
1.82853577187844e-05,1.8302444215101703e-05,1.31623269739165e-05,1.3179413470233803e-05,1.02670134099674e-05,1.0284099906284704e-05,1.00242794139951e-05,1.0041365910312405e-05,1.25734242691212e-05,1.2590510765438504e-05,1.77994719772534e-05,1.7816558473570703e-05,2.27823628971445e-05,2.2799449393461805e-05,2.30521241638347e-05,2.3069210660152004e-05,1.70864963173045e-08
-4.3493557979049e-05,-4.350962135471781e-05,-4.00412048845407e-05,-4.005726826020952e-05,-3.68313561611663e-05,-3.684741953683512e-05,-3.62426113272867e-05,-3.625867470295552e-05,-3.88785969867109e-05,-3.889466036237972e-05,-4.33430404482531e-05,-4.3359103823921915e-05,-4.62877425273365e-05,-4.6303805903005314e-05,-4.59920274456432e-05,-4.6008090821312016e-05,-1.60633756688135e-08
6.96534866927761e-06,6.917897572359102e-06,7.72072591018536e-06,7.67327481326685e-06,6.37108100860143e-06,6.323629911682922e-06,5.46466250917679e-06,5.417211412258281e-06,5.06845623584142e-06,5.0210051389229115e-06,3.89894228081232e-06,3.851491183893811e-06,2.58024752885981e-06,2.532796431941301e-06,3.87301139726469e-06,3.825560300346181e-06,-4.74510969185088e-08
3.67562688620534e-05,3.668212595048011e-05,3.55823191468681e-05,3.550817623529481e-05,3.68850456040592e-05,3.6810902692485913e-05,3.93455998603255e-05,3.927145694875221e-05,4.18105122039482e-05,4.1736369292374914e-05,4.38379526041986e-05,4.376380969262531e-05,4.37280541475989e-05,4.365391123602561e-05,4.0589346348879e-05,4.051520343730571e-05,-7.41429115732887e-08
-3.51978309857187e-05,-3.529160085354521e-05,-3.30388627061376e-05,-3.3132632573964104e-05,-2.92081558169489e-05,-2.930192568477541e-05,-2.72811544958739e-05,-2.737492436370041e-05,-2.84687738857179e-05,-2.856254375354441e-05,-3.13930883614906e-05,-3.1486858229317105e-05,-3.36425178195513e-05,-3.37362876873778e-05,-3.49008995870154e-05,-3.499466945484191e-05,-9.37698678265089e-08
-2.31836374506106e-05,-2.3288349647007488e-05,-2.1388201948042e-05,-2.149291414443889e-05,-2.22056317581471e-05,-2.231034395454399e-05,-2.39676712245602e-05,-2.407238342095709e-05,-2.54507541820633e-05,-2.555546637846019e-05,-2.69956529506391e-05,-2.710036514703599e-05,-2.8286825437229e-05,-2.839153763362589e-05,-2.6872836653512e-05,-2.697754884990889e-05,-1.0471219639689e-07
1.03645808666055e-05,1.0258386706107876e-05,8.77411356406112e-06,8.667919403563497e-06,9.54025240677245e-06,9.434058246274826e-06,1.25558535227716e-05,1.2449659362273977e-05,1.67512805560475e-05,1.6645086395549878e-05,1.98567717330082e-05,1.975057757251058e-05,1.89098301447355e-05,1.8803635984237878e-05,1.45452655889687e-05,1.4439071428471077e-05,-1.06194160497623e-07
-5.16072479724915e-07,-6.143646055072834e-07,-6.77551751405711e-07,-7.758438771880794e-07,2.55626988372955e-06,2.4579777579471816e-06,5.73633526532201e-06,5.638043139539641e-06,6.73575382345449e-06,6.637461697672121e-06,6.14587463666787e-06,6.047582510885502e-06,5.2025823920846e-06,5.104290266302232e-06,2.80909634600389e-06,2.7108042202215216e-06,-9.82921257823684e-08
-2.35378082257215e-05,-2.3619680506571167e-05,-2.33892131966777e-05,-2.347108547752737e-05,-2.55998063237342e-05,-2.568167860458387e-05,-2.85298244214211e-05,-2.8611696702270766e-05,-3.07520117280472e-05,-3.0833884008896874e-05,-3.18150825180658e-05,-3.189695479891547e-05,-3.05092164091444e-05,-3.059108868999407e-05,-2.68581361950121e-05,-2.6940008475861766e-05,-8.18722808496675e-08
3.33456982885013e-05,3.3287227801375895e-05,2.92462630117223e-05,2.918779252459689e-05,2.39928986842456e-05,2.3934428197120192e-05,2.15771888291863e-05,2.151871834206089e-05,2.38996843013212e-05,2.384121381419579e-05,2.91491503473045e-05,2.909067986017909e-05,3.29585731001197e-05,3.2900102612994294e-05,3.43162537440392e-05,3.4257783256913796e-05,-5.8470487125409e-08
1.29833424359719e-05,1.2953204538460404e-05,9.78569179468678e-06,9.755553897175283e-06,8.87334864692762e-06,8.843210749416125e-06,9.997641450322e-06,9.967503552810504e-06,1.22058331772692e-05,1.2175695279757704e-05,1.50778136071532e-05,1.5047675709641704e-05,1.74090347741792e-05,1.7378896876667706e-05,1.67388421773852e-05,1.6708704279873705e-05,-3.01378975114963e-08
-4.06473139004247e-05,-4.064657971878861e-05,-4.06963899708215e-05,-4.069565578918541e-05,-4.23639673376856e-05,-4.236323315604951e-05,-4.53526634368459e-05,-4.535192925520981e-05,-4.89309095508792e-05,-4.893017536924311e-05,-5.06637962408e-05,-5.0663062059163905e-05,-4.80025128611857e-05,-4.800177867954961e-05,-4.33989426180046e-05,-4.339820843636851e-05,7.3418163609393e-10
-1.32664676684111e-05,-1.3234869642593332e-05,-1.53205331389384e-05,-1.5288935113120634e-05,-2.1462548429928e-05,-2.1430950404110232e-05,-2.67756934208939e-05,-2.6744095395076133e-05,-2.76479776704242e-05,-2.7616379644606433e-05,-2.47349155974105e-05,-2.4703317571592735e-05,-2.08661331702128e-05,-2.0834535144395032e-05,-1.64091959059302e-05,-1.6377597880112432e-05,3.15980258177683e-08
3.48866532540424e-05,3.494658297207954e-05,3.19579165739465e-05,3.2017846291983644e-05,3.4625263810515e-05,3.468519352855214e-05,4.10517003907276e-05,4.1111630108764746e-05,4.76428068684622e-05,4.770273658649934e-05,5.1222642709804e-05,5.1282572427841145e-05,4.93963990137088e-05,4.945632873174594e-05,4.25231139890236e-05,4.2583043707060746e-05,5.99297180371443e-08
-1.44924763728855e-05,-1.4409070554554876e-05,-1.55370294998732e-05,-1.5453623681542578e-05,-1.60291998914667e-05,-1.5945794073136077e-05,-1.66839675447883e-05,-1.6600561726457677e-05,-1.83070567456171e-05,-1.8223650927286476e-05,-1.92059889343889e-05,-1.9122583116058278e-05,-1.71236313332535e-05,-1.7040225514922877e-05,-1.46296127165587e-05,-1.4546206898228077e-05,8.34058183306227e-08
-2.90473236007073e-05,-2.8947256477046072e-05,-2.71970100254876e-05,-2.709694290182637e-05,-3.10163184210251e-05,-3.0916251297363866e-05,-3.73052306511679e-05,-3.720516352750667e-05,-4.17940591605003e-05,-4.1693992036839064e-05,-4.28042694805185e-05,-4.270420235685727e-05,-4.07212179461739e-05,-4.0621150822512665e-05,-3.54239700430327e-05,-3.5323902919371466e-05,1.0006712366123e-07
2.16386249439568e-05,2.1747092213644724e-05,1.99103444568144e-05,2.0018811726502326e-05,2.13050623885516e-05,2.1413529658239526e-05,2.57867206244537e-05,2.5895187894141627e-05,3.15480302414254e-05,3.1656497511113324e-05,3.46954530135723e-05,3.480392028326022e-05,3.2076625694053e-05,3.2185092963740924e-05,2.63768707267901e-05,2.6485337996478026e-05,1.08467269687924e-07
1.00185834014509e-06,1.1096564545958669e-06,1.1625392842982e-06,1.2703373987489769e-06,5.58215103159858e-06,5.689949146049357e-06,1.07679875648506e-05,1.0875785679301376e-05,1.2996049003601e-05,1.3103847118051776e-05,1.17544698045026e-05,1.1862267918953378e-05,8.99447642912552e-06,9.102274543576297e-06,4.87955622241822e-06,4.987354336868997e-06,1.07798114450777e-07
-3.94291361344808e-05,-3.9331156980001474e-05,-3.88328221844025e-05,-3.873484302992317e-05,-4.21301974619854e-05,-4.203221830750607e-05,-4.69644688219641e-05,-4.686648966748477e-05,-5.09132485719739e-05,-5.0815269417494574e-05,-5.22012997886696e-05,-5.210332063419027e-05,-4.96555714202422e-05,-4.955759226576287e-05,-4.43166528584519e-05,-4.421867370397257e-05,9.79791544793284e-08
2.64757956286235e-05,2.655549572106794e-05,2.54385764652514e-05,2.551827655769584e-05,2.39352171029579e-05,2.4014917195402338e-05,2.39363919936003e-05,2.4016092086044738e-05,2.65516833757658e-05,2.663138346821024e-05,2.94147222307788e-05,2.949442232322324e-05,2.91976729663433e-05,2.927737305878774e-05,2.75006025443442e-05,2.758030263678864e-05,7.97000924444382e-08
3.63084974046096e-05,3.6362902205291224e-05,3.61620984511193e-05,3.621650325180092e-05,4.16760418454895e-05,4.173044664617113e-05,4.8873738210606e-05,4.892814301128762e-05,5.30860148330078e-05,5.3140419633689426e-05,5.26488517394682e-05,5.270325654014983e-05,4.85691453385772e-05,4.8623550139258826e-05,4.20870864539706e-05,4.214149125465223e-05,5.44048006816251e-08
-3.05237095428978e-05,-3.0499504634691707e-05,-2.8224106496924e-05,-2.819990158871791e-05,-2.99246181044009e-05,-2.990041319619481e-05,-3.46339514896395e-05,-3.460974658143341e-05,-4.09694977337468e-05,-4.094529282554071e-05,-4.52860541235079e-05,-4.526184921530181e-05,-4.34499407973697e-05,-4.342573588916361e-05,-3.69043512218087e-05,-3.688014631360261e-05,2.42049082060899e-08
-1.02627419074856e-05,-1.0271018027043725e-05,-1.11608959477206e-05,-1.1169172067278726e-05,-1.45184554866369e-05,-1.4526731606195025e-05,-1.7283948820587e-05,-1.7292224940145123e-05,-1.6616995260277e-05,-1.6625271379835122e-05,-1.38963934085642e-05,-1.3904669528122325e-05,-1.23867520164712e-05,-1.2395028136029325e-05,-1.1450701440091e-05,-1.1458977559649126e-05,-8.27611955812429e-09
3.83582402471012e-05,3.8318116160959515e-05,3.7883913733271e-05,3.784378964712932e-05,4.33194570241675e-05,4.327933293802582e-05,5.12070666605371e-05,5.116694257439542e-05,5.68128534869065e-05,5.6772729400764815e-05,5.75484543340259e-05,5.7508330247884214e-05,5.28763796513609e-05,5.2836255565219215e-05,4.48847364810714e-05,4.4844612394929715e-05,-4.01240861416837e-08
-2.52312466293719e-05,-2.529965079097827e-05,-2.26114402143588e-05,-2.267984437596517e-05,-2.07890416839109e-05,-2.085744584551727e-05,-2.13633543765499e-05,-2.143175853815627e-05,-2.55557619701037e-05,-2.562416613171007e-05,-3.03093477586717e-05,-3.037775192027807e-05,-3.10523193943615e-05,-3.112072355596787e-05,-2.84629454200525e-05,-2.853134958165887e-05,-6.84041616063688e-08
-6.44305902043789e-06,-6.533511202112476e-06,-4.50779774035093e-06,-4.598249922025516e-06,-1.04392021067621e-05,-1.0529654288436687e-05,-2.00468820031337e-05,-2.0137334184808285e-05,-2.67995150570049e-05,-2.6889967238679486e-05,-2.77564411469821e-05,-2.7846893328656685e-05,-2.33673871624948e-05,-2.3457839344169386e-05,-1.48419553018996e-05,-1.4932407483574186e-05,-9.04521816745862e-08
1.70983219848673e-05,1.699416360396086e-05,1.4687701043876e-05,1.458354266296956e-05,1.70051913480423e-05,1.690103296713586e-05,2.27125422746899e-05,2.260838389378346e-05,2.95501834461598e-05,2.944602506525336e-05,3.348453248095e-05,3.338037410004356e-05,3.10330439489923e-05,3.092888556808586e-05,2.39403269205831e-05,2.383616853967666e-05,-1.04158380906439e-07
-2.25452886087336e-05,-2.265349385802287e-05,-2.26506664484632e-05,-2.275887169775247e-05,-1.95021184859458e-05,-1.961032373523507e-05,-1.60692475091684e-05,-1.6177452758457673e-05,-1.58048929351697e-05,-1.591309818445897e-05,-1.7559464880311e-05,-1.766767012960027e-05,-1.87440778923426e-05,-1.885228314163187e-05,-2.02669061778852e-05,-2.037511142717447e-05,-1.0820524928927e-07
-4.14500553683953e-05,-4.155228567731575e-05,-4.15394358048594e-05,-4.1641666113779854e-05,-4.83394688746531e-05,-4.844169918357355e-05,-5.7316130946712e-05,-5.7418361255632455e-05,-6.34583291489495e-05,-6.356055945786995e-05,-6.40603922648827e-05,-6.416262257380315e-05,-5.82626502391395e-05,-5.8364880548059956e-05,-4.87716074003933e-05,-4.887383770931375e-05,-1.02230308920451e-07
2.27403504609952e-05,2.2653464673663417e-05,1.87865522835489e-05,1.8699666496217115e-05,1.58783092200546e-05,1.5791423432722816e-05,1.63024541534196e-05,1.6215568366087816e-05,2.15081067282881e-05,2.1421220940956316e-05,2.77096505126376e-05,2.7622764725305816e-05,2.96601669212144e-05,2.9573281133882615e-05,2.70435690426598e-05,2.6956683255328015e-05,-8.68857873317833e-08
7.77731441362592e-06,7.713529269093397e-06,7.48718876830629e-06,7.423403623773766e-06,1.38218050309528e-05,1.3758019886420277e-05,2.238843965532e-05,2.2324654510787475e-05,2.74561344892679e-05,2.7392349344735375e-05,2.71067608939612e-05,2.7042975749428673e-05,2.21905485245131e-05,2.2126763379980574e-05,1.4375005114014e-05,1.4311219969481477e-05,-6.37851445325233e-08
-1.87791575039315e-05,-1.8814493842636682e-05,-1.78179079715184e-05,-1.7853244310223585e-05,-2.1412256515571e-05,-2.1447592854276183e-05,-2.78506807598008e-05,-2.7886017098505985e-05,-3.43110310516447e-05,-3.4346367390349886e-05,-3.67769754100686e-05,-3.681231174877379e-05,-3.27529774436918e-05,-3.278831378239699e-05,-2.49661530057201e-05,-2.5001489344425285e-05,-3.53363387051851e-08
2.43542542199872e-05,2.4349775217217876e-05,2.27324791575729e-05,2.2728000154803575e-05,1.85361052872433e-05,1.8531626284473974e-05,1.54229289375272e-05,1.5418449934757875e-05,1.6251331543138e-05,1.6246852540368674e-05,1.91703374266225e-05,1.9165858423853173e-05,2.13682133451229e-05,2.1363734342353573e-05,2.31754782842781e-05,2.3170999281508774e-05,-4.47900276932607e-09
2.48246664862168e-05,2.4850308517039197e-05,1.98250618551754e-05,1.98507038859978e-05,2.25665054501765e-05,2.2592147480998896e-05,3.10363415349137e-05,3.106198356573609e-05,4.02664266260091e-05,4.0292068656831495e-05,4.56389328752375e-05,4.5664574906059894e-05,4.39068467239064e-05,4.393248875472879e-05,3.51828333071098e-05,3.5208475337932195e-05,2.56420308223964e-08
-1.92478584062668e-05,-1.919582900465693e-05,-1.52416692488275e-05,-1.518963984721763e-05,-1.49313735541653e-05,-1.487934415255543e-05,-1.91592163682793e-05,-1.9107186966669426e-05,-2.7050790882308e-05,-2.699876148069813e-05,-3.32317929248908e-05,-3.317976352328093e-05,-3.23737724691323e-05,-3.2321743067522434e-05,-2.60350787339809e-05,-2.5983049332371028e-05,5.20294016098711e-08
-1.72702552550058e-05,-1.7198088043759234e-05,-1.87374286247468e-05,-1.8665261413500233e-05,-2.54901430532535e-05,-2.5417975842006933e-05,-3.28786188892097e-05,-3.2806451677963136e-05,-3.58437388762179e-05,-3.5771571664971335e-05,-3.37725682447606e-05,-3.3700401033514034e-05,-2.83097929143193e-05,-2.8237625703072732e-05,-2.16326145195114e-05,-2.1560447308264834e-05,7.21672112465665e-08
3.92371636201935e-05,3.9321456333663435e-05,3.53829704323422e-05,3.546726314581213e-05,3.87198481367884e-05,3.880414085025833e-05,4.72528989349562e-05,4.733719164842613e-05,5.6809819403009e-05,5.689411211647893e-05,6.18393423885991e-05,6.192363510206902e-05,5.85578328931264e-05,5.864212560659633e-05,4.90023897714302e-05,4.9086682484900134e-05,8.42927134699297e-08
-4.48514470030911e-06,-4.397570480516339e-06,-1.06430242805648e-06,-9.767282082637095e-07,2.40051816821602e-06,2.488092388008791e-06,3.04718264895981e-06,3.1347568687525806e-06,-7.47063217611492e-07,-6.594889978187214e-07,-5.62566834808978e-06,-5.538094128297009e-06,-7.7295365797134e-06,-7.641962359920628e-06,-6.87501522267744e-06,-6.787441002884669e-06,8.75742197927706e-08
-3.4233849748857e-05,-3.415167843946316e-05,-3.22479315021836e-05,-3.216576019278976e-05,-3.71334381685652e-05,-3.705126685917136e-05,-4.59908607068621e-05,-4.590868939746826e-05,-5.36255974249821e-05,-5.354342611558826e-05,-5.58189404610004e-05,-5.573676915160656e-05,-5.11807904715858e-05,-5.109861916219196e-05,-4.22617833775512e-05,-4.217961206815736e-05,8.21713093938365e-08
2.88081711944702e-05,2.8877346759240914e-05,2.58913086913966e-05,2.5960484256167313e-05,2.52734515961697e-05,2.5342627160940415e-05,2.75972172031721e-05,2.7666392767942816e-05,3.27625616493486e-05,3.283173721411932e-05,3.72492411026592e-05,3.731841666742992e-05,3.72266169269999e-05,3.729579249177062e-05,3.33931792215709e-05,3.346235478634162e-05,6.91755647707151e-08
5.69019287311691e-06,5.740630650190128e-06,7.64788602835557e-06,7.698323805428788e-06,1.56879803320444e-05,1.573841810911762e-05,2.42377511113688e-05,2.428818888844202e-05,2.73194781875363e-05,2.736991596460952e-05,2.43480229704531e-05,2.439846074752632e-05,1.7851827779242e-05,1.790226555631522e-05,1.0412977751393e-05,1.0463415528466219e-05,5.04377770732181e-08
-1.84989585509649e-05,-1.847064497473792e-05,-1.37380791867163e-05,-1.370976561048932e-05,-1.53936280328344e-05,-1.536531445660742e-05,-2.28843338627388e-05,-2.285602028651182e-05,-3.22583049107534e-05,-3.2229991334526416e-05,-3.75254467221038e-05,-3.7497133145876815e-05,-3.53733324258763e-05,-3.5345018849649314e-05,-2.7467550894396e-05,-2.7439237318169022e-05,2.83135762269801e-08
2.31410891206758e-05,2.3146446474807847e-05,2.25319135472589e-05,2.2537270901390948e-05,1.91746584259768e-05,1.9180015780108847e-05,1.61459350333465e-05,1.615129238747855e-05,1.66320682467259e-05,1.663742560085795e-05,1.89708146764446e-05,1.897617203057665e-05,2.05679943336899e-05,2.057335168782195e-05,2.18363577045271e-05,2.1841715058659148e-05,5.35735413204702e-09
1.3111869451109e-05,1.3095879620080773e-05,1.01654208297431e-05,1.0149430998714873e-05,1.42677297590962e-05,1.4251739928067974e-05,2.259134478391e-05,2.2575354952881774e-05,2.96698743912451e-05,2.965388456021687e-05,3.18557534585362e-05,3.183976362750798e-05,2.83356768035122e-05,2.8319686972483972e-05,2.08915349226651e-05,2.0875545091636873e-05,-1.59898310282266e-08
-3.36316006028396e-05,-3.366527966153776e-05,-2.88573337745725e-05,-2.889101283327066e-05,-2.77585649854521e-05,-2.779224404415026e-05,-3.12641578092651e-05,-3.1297836867963256e-05,-3.83286756223022e-05,-3.836235468100036e-05,-4.44524809108973e-05,-4.448615996959546e-05,-4.51148199981882e-05,-4.514849905688636e-05,-4.03240045564992e-05,-4.035768361519736e-05,-3.36790586981602e-08
-9.97223823726343e-06,-1.0018503992634595e-05,-9.49476524981604e-06,-9.541031005187205e-06,-1.48159993493179e-05,-1.4862265104689063e-05,-2.25040648935873e-05,-2.2550330648958465e-05,-2.64978279964432e-05,-2.6544093751814365e-05,-2.51303562373697e-05,-2.5176621992740866e-05,-2.04837517991756e-05,-2.0530017554546766e-05,-1.47037931508691e-05,-1.4750058906240264e-05,-4.62657553711645e-08
2.22053338035207e-05,2.21523067830992e-05,2.00380114535545e-05,1.9984984433132997e-05,2.43420580264042e-05,2.4289031005982698e-05,3.21319911851878e-05,3.20789641647663e-05,3.93969403178522e-05,3.93439132974307e-05,4.20958951590743e-05,4.2042868138652805e-05,3.84408774900622e-05,3.83878504696407e-05,3.01810116356865e-05,3.0127984615264997e-05,-5.30270204215011e-08
-1.40015136798227e-05,-1.405549476369638e-05,-1.13935677975212e-05,-1.1447548881394882e-05,-7.08362245957937e-06,-7.137603543453052e-06,-4.44358373732288e-06,-4.497564821196563e-06,-6.12588306643294e-06,-6.179864150306622e-06,-1.01264312404096e-05,-1.0180412324283282e-05,-1.33146484279647e-05,-1.3368629511838382e-05,-1.45419401340129e-05,-1.459592121788658e-05,-5.39810838736819e-08
-2.49315434076623e-05,-2.4981350539959998e-05,-2.26409711651056e-05,-2.2690778297403296e-05,-2.79100628923002e-05,-2.7959870024597895e-05,-3.67356223162411e-05,-3.67854294485388e-05,-4.32262426145444e-05,-4.327604974684209e-05,-4.45776313796639e-05,-4.46274385119616e-05,-4.05512892946375e-05,-4.0601096426935196e-05,-3.27646506061203e-05,-3.2814457738418e-05,-4.98071322976962e-08
8.20224900290777e-06,8.160561907495398e-06,4.67764468782003e-06,4.635957592407658e-06,5.48147480290483e-06,5.439787707492458e-06,1.06508171551754e-05,1.0609130059763028e-05,1.81266188749938e-05,1.8084931779581425e-05,2.28174376580495e-05,2.2775750562637125e-05,2.12112731231993e-05,2.1169586027786926e-05,1.49368644131457e-05,1.4895177317733327e-05,-4.16870954123726e-08
-8.18662003001842e-06,-8.217714438764303e-06,-9.21762486375337e-06,-9.248719272499253e-06,-2.45724954687677e-06,-2.4883439556226538e-06,7.0477862728395e-06,7.016691864093616e-06,1.24693545641649e-05,1.2438260155419017e-05,1.18266085577805e-05,1.1795514149034616e-05,6.61255416984496e-06,6.581459761099076e-06,-1.16205493190641e-06,-1.1931493406522938e-06,-3.10944087458839e-08
-1.11852692080335e-05,-1.1204835582675268e-05,-8.90430390217776e-06,-8.923870276819528e-06,-1.41493882161598e-05,-1.4168954590801568e-05,-2.38369824173079e-05,-2.385654879194967e-05,-3.25284899534535e-05,-3.2548056328095265e-05,-3.51892373967141e-05,-3.520880377135587e-05,-3.00611985012972e-05,-3.0080764875938966e-05,-2.00450723739176e-05,-2.006463874855937e-05,-1.95663746417673e-08
7.30521936199273e-06,7.296729755371492e-06,6.65208542789771e-06,6.643595821276473e-06,3.47968611607521e-06,3.4711965094539727e-06,3.27170091574188e-07,3.186804849529505e-07,4.69085642798e-07,4.605960361767625e-07,2.92059753346703e-06,2.9121079268457927e-06,5.10570030283244e-06,5.0972106962112025e-06,6.41080355438921e-06,6.402313947767972e-06,-8.48960662123753e-09
2.64433535106727e-05,2.6444421174394842e-05,2.28195039969631e-05,2.2820571660685242e-05,2.76022637125815e-05,2.7603331376303642e-05,3.70956306201183e-05,3.7096698283840444e-05,4.53993620681585e-05,4.540042973188064e-05,4.86276387659455e-05,4.862870642966764e-05,4.50940019041134e-05,4.509506956783554e-05,3.60771133085358e-05,3.607818097225794e-05,1.06766372214042e-09
-1.86248813594835e-05,-1.8616421007559462e-05,-1.72670123802382e-05,-1.7258552028314163e-05,-2.01479706540356e-05,-2.0139510302111563e-05,-2.57073397148446e-05,-2.569887936292056e-05,-3.13913973160836e-05,-3.1382936964159565e-05,-3.37037997251682e-05,-3.369533937324416e-05,-3.08250239234208e-05,-3.081656357149676e-05,-2.43329864108674e-05,-2.432452605894336e-05,8.4603519240399e-09
-1.88709312048938e-05,-1.8857436832552392e-05,-1.64350442838579e-05,-1.642154991151649e-05,-2.10351942442951e-05,-2.102169987195369e-05,-2.88909369184066e-05,-2.887744254606519e-05,-3.4698614224755e-05,-3.468511985241359e-05,-3.61149030678111e-05,-3.610140869546969e-05,-3.2792395935444e-05,-3.2778901563102585e-05,-2.5999560291624e-05,-2.598606591928259e-05,1.34943723414097e-08
4.43622154481738e-05,4.43785969938055e-05,4.17733543255965e-05,4.17897358712282e-05,4.28368200369952e-05,4.28532015826269e-05,4.6709499645917e-05,4.67258811915487e-05,5.1280299028497e-05,5.12966805741287e-05,5.41728054993349e-05,5.41891870449666e-05,5.35939012269865e-05,5.36102827726182e-05,4.94825404656167e-05,4.94989220112484e-05,1.63815456317015e-08
-2.15335815651884e-06,-2.1357240414565842e-06,-4.68696053094385e-06,-4.669326415881594e-06,-3.0329802256774e-06,-3.015346110615144e-06,4.72291611659497e-07,4.89925726721753e-07,2.34135383853777e-06,2.358987953600026e-06,2.90594961555696e-06,2.9235837306192157e-06,2.96246156190217e-06,2.980095676964426e-06,1.4625785393988e-06,1.480212654461056e-06,1.76341150622559e-08
-2.67469819494548e-05,-2.6729060146482173e-05,-2.45880362997846e-05,-2.457011449681197e-05,-2.83890620548511e-05,-2.8371140251878474e-05,-3.55675376419899e-05,-3.5549615839017275e-05,-4.16892293926205e-05,-4.167130758964787e-05,-4.32651295892406e-05,-4.324720778626797e-05,-3.97377524205924e-05,-3.971983061761977e-05,-3.31968394282748e-05,-3.317891762530217e-05,1.79218029726265e-08
2.96303554741754e-05,2.9648270328036233e-05,2.89536063157683e-05,2.897152116962913e-05,2.7962311304745e-05,2.7980226158605833e-05,2.74034905226401e-05,2.7421405376500932e-05,2.85202487945199e-05,2.8538163648380732e-05,3.05583772666024e-05,3.0576292120463236e-05,3.15399431983435e-05,3.155785805220434e-05,3.07429897968056e-05,3.0760904650666434e-05,1.79148538608339e-08
2.44695684276917e-05,2.4487709555622396e-05,2.12154459333263e-05,2.1233587061256996e-05,2.29091980076342e-05,2.29273391355649e-05,2.76769194223449e-05,2.7695060550275597e-05,3.1275373031064e-05,3.12935141589947e-05,3.26042005838429e-05,3.2622341711773596e-05,3.22021294809635e-05,3.22202706088942e-05,2.94334192582109e-05,2.9451560386141597e-05,1.81411279306964e-08
-3.0996523497837e-05,-3.097764239550325e-05,-2.58030793014782e-05,-2.5784198199144453e-05,-2.52456369616683e-05,-2.5226755859334553e-05,-2.97642097053566e-05,-2.9745328603022855e-05,-3.661741368302e-05,-3.6598532580686255e-05,-4.18309299948693e-05,-4.1812048892535554e-05,-4.23757536345005e-05,-4.2356872532166756e-05,-3.78929465903767e-05,-3.787406548804296e-05,1.88811023337448e-08
7.17616971882945e-06,7.1962854528726635e-06,9.02689818981299e-06,9.047013923856204e-06,8.64004133312488e-06,8.660157067168094e-06,6.65395807411694e-06,6.674073808160154e-06,5.63186040404096e-06,5.651976138084174e-06,5.83339226760852e-06,5.853508001651734e-06,5.82587427196508e-06,5.845990006008293e-06,5.72568998584496e-06,5.7458057198881735e-06,2.01157340432134e-08
3.49889880436031e-05,3.501052106396118e-05,3.16409760733533e-05,3.1662509093711384e-05,3.51369067847515e-05,3.515843980510958e-05,4.28266267207786e-05,4.284815974113668e-05,4.94640437515069e-05,4.948557677186498e-05,5.18116773835824e-05,5.183321040394048e-05,4.92139140114196e-05,4.923544703177768e-05,4.25619694773565e-05,4.258350249771458e-05,2.15330203580783e-08
-2.28663198501595e-05,-2.2843726590831567e-05,-2.1733876834877e-05,-2.171128357554907e-05,-1.94289177635889e-05,-1.9406324504260967e-05,-1.80328610595003e-05,-1.8010267800172366e-05,-1.89726949607085e-05,-1.895010170138057e-05,-2.10068571757652e-05,-2.098426391643727e-05,-2.26300729349709e-05,-2.260747967564297e-05,-2.31505407274233e-05,-2.3127947468095368e-05,2.25932593279334e-08
2.1273025006796e-06,2.149939245540372e-06,4.45987316556054e-06,4.482509910421313e-06,1.88281241368733e-06,1.9054491585481021e-06,-3.29631206549927e-06,-3.273675320638498e-06,-7.71118510249442e-06,-7.688548357633647e-06,-9.39637170745339e-06,-9.373734962592618e-06,-7.8201400389361e-06,-7.797503294075327e-06,-3.34978760551605e-06,-3.327150860655278e-06,2.26367448607722e-08
3.22012738771905e-05,3.222229257185033e-05,2.87046846506022e-05,2.8725703345262034e-05,2.79794007873221e-05,2.8000419481981933e-05,3.08974115351873e-05,3.0918430229847134e-05,3.54742325385935e-05,3.5495251233253336e-05,3.87476510788284e-05,3.876866977348823e-05,3.92146901579316e-05,3.923570885259143e-05,3.65349153323316e-05,3.655593402699143e-05,2.10186946598311e-08
1.7103595637375e-06,1.7276048568191245e-06,3.94326562481795e-06,3.9605109178995745e-06,8.05472856990412e-06,8.071973862985745e-06,1.11320678494073e-05,1.1149313142488925e-05,1.06627704826096e-05,1.0680015775691225e-05,7.20706131135766e-06,7.224306604439284e-06,3.43825938892231e-06,3.455504682003934e-06,1.62213815188848e-06,1.6393834449701045e-06,1.72452930816244e-08
-2.55694387162412e-05,-2.5558347381283198e-05,-2.38610587613445e-05,-2.3849967426386496e-05,-2.54820859625976e-05,-2.5470994627639597e-05,-2.93965444466414e-05,-2.9385453111683398e-05,-3.33289443385383e-05,-3.331785300358029e-05,-3.49625012541853e-05,-3.49514099192273e-05,-3.34871972689378e-05,-3.347610593397979e-05,-2.97075783898215e-05,-2.9696487054863497e-05,1.10913349580037e-08
2.32308627249378e-05,2.32335409961064e-05,2.16190807546686e-05,2.1621759025837197e-05,1.94107863701973e-05,1.94134646413659e-05,1.8255380569104e-05,1.8258058840272597e-05,1.90735862617428e-05,1.90762645329114e-05,2.12238042182478e-05,2.1226482489416397e-05,2.33849348440497e-05,2.33876131152183e-05,2.39959072254391e-05,2.39985854966077e-05,2.67827116859759e-09
4.59345836625653e-05,4.592708347799169e-05,4.41724021363085e-05,4.41649019517349e-05,4.54642495247022e-05,4.5456749340128596e-05,4.87429760364379e-05,4.8735475851864294e-05,5.13139247922598e-05,5.1306424607686196e-05,5.21006916468626e-05,5.2093191462288993e-05,5.12422339529614e-05,5.12347337683878e-05,4.90022638927991e-05,4.89947637082255e-05,-7.50018457360677e-09
-4.43366363557866e-05,-4.4355244819575336e-05,-4.06539593022671e-05,-4.0672567766055836e-05,-3.82721161813331e-05,-3.8290724645121836e-05,-3.90139269735831e-05,-3.903253543737184e-05,-4.25071831853169e-05,-4.252579164910564e-05,-4.64585530591388e-05,-4.6477161522927536e-05,-4.86681628796678e-05,-4.8686771343456536e-05,-4.7657983820975e-05,-4.767659228476374e-05,-1.86084637887365e-08
2.22407640299875e-05,2.2211210491537213e-05,2.02510605798494e-05,2.0221507041399113e-05,1.6458185680504e-05,1.642863214205371e-05,1.31003372841577e-05,1.307078374570741e-05,1.30990443465301e-05,1.306949080807981e-05,1.64620427160064e-05,1.6432489177556113e-05,2.04212365189517e-05,2.0391682980501413e-05,2.23090864727688e-05,2.2279532934318513e-05,-2.9553538450289e-08
3.42665745581714e-05,3.422746137778797e-05,3.2326938542766e-05,3.228782536238257e-05,3.24174084111357e-05,3.237829523075227e-05,3.4758715528901e-05,3.4719602348517565e-05,3.75017525028102e-05,3.746263932242677e-05,3.89956697213589e-05,3.8956556540975466e-05,3.87688899737472e-05,3.872977679336377e-05,3.69450129036791e-05,3.690589972329567e-05,-3.9113180383431e-08
-2.20333835101865e-05,-2.2079470226829686e-05,-1.98598309179593e-05,-1.9905917634602487e-05,-1.56915443064734e-05,-1.5737631023116588e-05,-1.30838401186648e-05,-1.3129926835307987e-05,-1.36787478321925e-05,-1.3724834548835687e-05,-1.61828167856091e-05,-1.6228903502252287e-05,-1.92238631696162e-05,-1.9269949886259386e-05,-2.14562593746422e-05,-2.1502346091285386e-05,-4.60867166431871e-08
-2.75063095871787e-05,-2.7555763595991193e-05,-2.88845666298589e-05,-2.893402063867139e-05,-3.20237871508942e-05,-3.207324115970669e-05,-3.52510697897732e-05,-3.530052379858569e-05,-3.57520921071692e-05,-3.580154611598169e-05,-3.33158984211199e-05,-3.336535242993239e-05,-3.0171782087244e-05,-3.022123609605649e-05,-2.81369831012405e-05,-2.818643711005299e-05,-4.94540088124924e-08
3.05238431687682e-05,3.0475325829176467e-05,2.82443619408507e-05,2.8195844601258964e-05,2.39447614672423e-05,2.3896244127650566e-05,2.07649989470976e-05,2.0716481607505866e-05,2.05607798806674e-05,2.0512262541075664e-05,2.28473332880992e-05,2.2798815948507464e-05,2.65777729677372e-05,2.6529255628145465e-05,2.97876950457805e-05,2.9739177706188765e-05,-4.85173395917352e-08
-1.94857328931551e-05,-1.952874314784293e-05,-1.84518814427757e-05,-1.8494891697463527e-05,-1.35270911215369e-05,-1.3570101376224727e-05,-8.21498714551237e-06,-8.257997400200197e-06,-5.87024827461937e-06,-5.913258529307197e-06,-7.17211374138758e-06,-7.215123996075408e-06,-1.12957388461541e-05,-1.1338749100841926e-05,-1.62180820496604e-05,-1.626109230434823e-05,-4.30102546878275e-08
-1.85047342926546e-05,-1.853789124828784e-05,-1.65796950979873e-05,-1.661285205362054e-05,-1.5092477250139e-05,-1.5125634205772244e-05,-1.57316913104992e-05,-1.5764848266132443e-05,-1.73017954688834e-05,-1.733495242451664e-05,-1.83243544293828e-05,-1.8357511385016043e-05,-1.91347014950952e-05,-1.9167858450728442e-05,-1.95197789705534e-05,-1.955293592618664e-05,-3.31569556332432e-08
4.8925211335524e-05,4.890553541405811e-05,4.56412565195828e-05,4.562158059811691e-05,3.98021759628436e-05,3.978250004137771e-05,3.566363805055e-05,3.56439621290841e-05,3.53353191725978e-05,3.531564325113191e-05,3.83169833005012e-05,3.829730737903531e-05,4.33082838540827e-05,4.328860793261681e-05,4.76940084063361e-05,4.767433248487021e-05,-1.96759214658942e-08
1.91761253443776e-05,1.9172400885959268e-05,2.1339663543748e-05,2.133593908532967e-05,2.34997963110088e-05,2.349607185259047e-05,2.44533438821362e-05,2.444961942371787e-05,2.28853660931647e-05,2.288164163474637e-05,1.99028750773279e-05,1.989915061890957e-05,1.77853852537859e-05,1.778166079536757e-05,1.77718329515172e-05,1.776810849309887e-05,-3.72445841832945e-09
-4.27589749471e-05,-4.274576512728701e-05,-4.23927466925515e-05,-4.2379536872738515e-05,-4.04785187782069e-05,-4.046530895839391e-05,-3.87491196363807e-05,-3.8735909816567714e-05,-3.84609504879445e-05,-3.8447740668131515e-05,-3.92109361167321e-05,-3.919772629691911e-05,-4.07373923136735e-05,-4.072418249386051e-05,-4.20999526555775e-05,-4.2086742835764515e-05,1.32098198129852e-08
1.37823297867713e-05,1.381179023840879e-05,1.20825991086854e-05,1.2112059560322891e-05,7.28403201751418e-06,7.31349246915167e-06,2.39947073083422e-06,2.4289311824717097e-06,8.67169208067909e-07,8.96629659705399e-07,3.00697478536193e-06,3.03643523699942e-06,7.46028248086202e-06,7.48974293249951e-06,1.17729292187297e-05,1.1802389670367191e-05,2.946045163749e-08
1.22384446389272e-05,1.2281804519676061e-05,1.02662353891999e-05,1.0309595269948762e-05,7.56466736737633e-06,7.60802724812519e-06,6.58260470504427e-06,6.625964585793131e-06,7.13801474642918e-06,7.18137462717804e-06,8.39249105004125e-06,8.435850930790111e-06,1.03095247918288e-05,1.0352884672577662e-05,1.21317582495802e-05,1.2175118130329062e-05,4.33598807488606e-08
-2.90563032488138e-05,-2.9002879619527652e-05,-2.62198178193793e-05,-2.616639419009315e-05,-1.96440483465177e-05,-1.9590624717231552e-05,-1.42355218566338e-05,-1.4182098227347652e-05,-1.32043341259231e-05,-1.3150910496636952e-05,-1.59753890358578e-05,-1.5921965406571653e-05,-2.12859792417758e-05,-2.123255561248965e-05,-2.6682802505294e-05,-2.6629378876007853e-05,5.3423629286148e-08
-2.67606388698222e-08,3.17620059815618e-08,-5.02830464400463e-07,-4.4430781954907907e-07,-3.31444991921387e-06,-3.2559272743624857e-06,-7.17871899449724e-06,-7.120196349645856e-06,-9.11005951577663e-06,-9.051536870925246e-06,-8.12255918325842e-06,-8.064036538407036e-06,-5.19344181612329e-06,-5.134919171271906e-06,-2.01796323644555e-06,-1.959440591594166e-06,5.8522644851384e-08
2.79786732122931e-05,2.803669500484633e-05,2.64163891628313e-05,2.647441095538453e-05,2.11560874044907e-05,2.121410919704393e-05,1.6049574833997e-05,1.610759662655023e-05,1.35094273992664e-05,1.356744919181963e-05,1.44014999045465e-05,1.445952169709973e-05,1.88357965084735e-05,1.8893818301026732e-05,2.46525827555709e-05,2.4710604548124132e-05,5.8021792553231e-08
2.91325917994542e-06,2.9651268637241106e-06,1.49600424067206e-06,1.5478719244507507e-06,4.7919270393983e-06,4.843794723176991e-06,1.05617726822978e-05,1.061364036607649e-05,1.48936574603423e-05,1.494552514412099e-05,1.60641562931359e-05,1.6116023976914593e-05,1.35440658798897e-05,1.359593356366839e-05,8.15973990072977e-06,8.21160758450846e-06,5.18676837786907e-08
-2.15983205149537e-05,-2.155770798942546e-05,-2.33535175540558e-05,-2.331290502852756e-05,-2.3968645085544e-05,-2.392803256001576e-05,-2.35038761038387e-05,-2.346326357831046e-05,-2.14445116554893e-05,-2.140389912996106e-05,-1.89138700861251e-05,-1.887325756059686e-05,-1.81284382147712e-05,-1.808782568924296e-05,-1.94699416088541e-05,-1.942932908332586e-05,4.06125255282393e-08
2.29778538493615e-05,2.300322562751408e-05,2.33799762714771e-05,2.3405348049629682e-05,1.83127423348044e-05,1.833811411295698e-05,1.14115254341536e-05,1.1436897212306181e-05,6.91340076834156e-06,6.938772546494142e-06,6.59711628356373e-06,6.6224880617163115e-06,1.05971172677156e-05,1.0622489045868181e-05,1.73638187662379e-05,1.7389190544390483e-05,2.53717781525816e-08
-3.67001993829983e-06,-3.6623083963936933e-06,-6.73083801472535e-06,-6.723126472819213e-06,-6.03254646688482e-06,-6.024834924978683e-06,-1.73314068456275e-06,-1.7254291426566135e-06,2.48660401648828e-06,2.4943155583944165e-06,4.4723039976639e-06,4.480015539570036e-06,3.74600184194301e-06,3.7537133838491464e-06,7.21253133743881e-07,7.289646756500176e-07,7.71154190613666e-09
-3.07015933210528e-05,-3.071211172677784e-05,-3.11931588485831e-05,-3.120367725430814e-05,-2.95410303444375e-05,-2.955154875016254e-05,-2.76096706475289e-05,-2.762018905325394e-05,-2.5820072049337e-05,-2.583059045506204e-05,-2.41580183938998e-05,-2.416853679962484e-05,-2.45753756363762e-05,-2.458589404210124e-05,-2.77282998285727e-05,-2.7738818234297738e-05,-1.051840572504e-08
3.86712138171654e-06,3.839729069235102e-06,5.55644252857316e-06,5.529050216091722e-06,3.28151745030131e-06,3.254125137819872e-06,-7.73800450520347e-07,-8.011927630017853e-07,-3.42170025226012e-06,-3.449092564741558e-06,-4.40283417831575e-06,-4.430226490797188e-06,-3.52518855323726e-06,-3.552580865718698e-06,-3.1323963366403e-07,-3.406319461454683e-07,-2.73923124814383e-08
8.91621486664142e-06,8.875085289106929e-06,1.14689604500706e-05,1.1427830872536108e-05,1.29195405957546e-05,1.2878411018220108e-05,1.31474838962679e-05,1.3106354318733409e-05,1.15978205019218e-05,1.1556690924387308e-05,8.51815006080752e-06,8.477020483273029e-06,6.2677486909791e-06,6.226619113444609e-06,6.70225717790198e-06,6.661127600367489e-06,-4.11295775344911e-08
-2.4120010329549e-05,-2.417031647178554e-05,-2.71256811583153e-05,-2.717598730055184e-05,-2.51700500115306e-05,-2.522035615376714e-05,-1.97813721587032e-05,-1.983167830093974e-05,-1.47294933767425e-05,-1.477979951897904e-05,-1.20941593772547e-05,-1.2144465519491239e-05,-1.31855740901367e-05,-1.3235880232373238e-05,-1.81773914908753e-05,-1.822769763311184e-05,-5.03061422365386e-08
-1.54377865634823e-06,-1.597804055578306e-06,-2.43801992140031e-06,-2.4920453206303857e-06,-6.50679246489192e-06,-6.560817864121995e-06,-1.16498813105407e-05,-1.1703906709770775e-05,-1.39590768770997e-05,-1.4013102276329776e-05,-1.20043388584424e-05,-1.2058364257672475e-05,-7.64335624305941e-06,-7.697381642289485e-06,-3.73167541655544e-06,-3.785700815785516e-06,-5.40253992300759e-08
1.73616067195313e-05,1.7309582032174836e-05,1.96373976809158e-05,1.9585372993559338e-05,1.72367678613432e-05,1.7184743173986736e-05,1.28109457256573e-05,1.2758921038300836e-05,9.09140319643177e-06,9.039378509075306e-06,6.7753784504015e-06,6.723353763045037e-06,7.3087171795336e-06,7.256692492177136e-06,1.18065785705044e-05,1.1754553883147936e-05,-5.20246873564634e-08
-2.05853735831236e-05,-2.063007896434423e-05,-2.12978784386663e-05,-2.134258381988693e-05,-1.51137928631723e-05,-1.5158498244392929e-05,-6.12710831248898e-06,-6.171813693709608e-06,-2.90356639880559e-07,-3.350620211011871e-07,-2.45857846284269e-08,-6.9291165849055e-08,-5.3033325271493e-06,-5.348037908369928e-06,-1.36868375714639e-05,-1.373154295268453e-05,-4.47053812206281e-08
-6.33715336622962e-06,-6.370227460647946e-06,-7.5294883494233e-06,-7.562562443841626e-06,-7.78063989938568e-06,-7.813713993804006e-06,-7.7268376955883e-06,-7.759911790006625e-06,-6.87650288950507e-06,-6.9095769839233954e-06,-5.07180214205917e-06,-5.104876236477496e-06,-3.78209109964248e-06,-3.815165194060806e-06,-4.60435245887854e-06,-4.6374265532968655e-06,-3.30740944183261e-08
3.94252030215051e-05,3.9406593000818455e-05,4.2708222119617e-05,4.2689612098930356e-05,3.94135441691292e-05,3.9394934148442555e-05,3.21774268860938e-05,3.215881686540716e-05,2.55362746273215e-05,2.5517664606634856e-05,2.21341653623422e-05,2.2115555341655553e-05,2.40459203283586e-05,2.4027310307671955e-05,3.13753227295014e-05,3.135671270881475e-05,-1.8610020686645e-08
-6.67171517843606e-06,-6.674781711301746e-06,-9.47737648764627e-06,-9.480443020511956e-06,-7.76745031180349e-06,-7.770516844669176e-06,-2.28158707128259e-06,-2.284653604148276e-06,3.13907436840317e-06,3.136007835537484e-06,5.43282184202996e-06,5.429755309164274e-06,3.47730644330709e-06,3.4742399104414044e-06,-1.34638029438535e-06,-1.3494468272510357e-06,-3.06653286568564e-09
-2.19203912838224e-06,-2.180278987749553e-06,-6.21930862254279e-06,-6.2075484819101025e-06,-5.27781303035724e-06,-5.266052889724553e-06,-6.03770562868645e-07,-5.920104222359577e-07,4.9299918827274e-06,4.941752023360087e-06,9.02249787900088e-06,9.034258019633566e-06,9.20657216356042e-06,9.218332304193106e-06,4.40074469886035e-06,4.4125048394930375e-06,1.17601406326873e-08
-2.8918212824483e-06,-2.8675580516792944e-06,-1.75931214925081e-06,-1.7350489184818043e-06,-7.70550375896293e-06,-7.681240528193923e-06,-1.71244313598478e-05,-1.7100168129078794e-05,-2.37598723278513e-05,-2.3735609097082297e-05,-2.44272666600519e-05,-2.4403003429282896e-05,-1.9065987517033e-05,-1.9041724286263997e-05,-1.02327683513079e-05,-1.0208505120538893e-05,2.42632307690057e-08
1.78201987984421e-05,1.7853426085992532e-05,2.00225581976165e-05,2.005578548516693e-05,2.02566668822497e-05,2.0289894169800132e-05,1.8940950886451e-05,1.8974178174001433e-05,1.65102972367131e-05,1.6543524524263532e-05,1.37799873096803e-05,1.3813214597230734e-05,1.26704264269798e-05,1.2703653714530233e-05,1.46479877616272e-05,1.4681215049177634e-05,3.32272875504336e-08
-2.72197680617204e-05,-2.7181798703680995e-05,-3.02332280423679e-05,-3.0195258684328496e-05,-2.37648255389948e-05,-2.3726856180955397e-05,-1.23377288285866e-05,-1.2299759470547194e-05,-3.19207932717454e-06,-3.1541099691351344e-06,-4.37349612658068e-07,-3.993802546186626e-07,-5.53826075462853e-06,-5.500291396589125e-06,-1.66784486559281e-05,-1.6640479297888694e-05,3.79693580394054e-08
1.07413513692537e-06,1.1125338026022726e-06,-2.81590374942931e-06,-2.7775050837524075e-06,-9.77262998447155e-06,-9.734231318794648e-06,-1.59424884126653e-05,-1.5904089746988397e-05,-1.69989451281196e-05,-1.6960546462442697e-05,-1.2534216673227e-05,-1.2495818007550098e-05,-5.50108935121296e-06,-5.462690685536057e-06,-4.86405117375402e-08,-1.0241846060637498e-08,3.83986656769027e-08
1.60687350671922e-05,1.610372486660217e-05,2.12278534758613e-05,2.126284327527127e-05,1.87594391002918e-05,1.8794428899701772e-05,1.05455057695249e-05,1.0580495568934873e-05,1.54514130679806e-06,1.5801311062080318e-06,-3.74162088515623e-06,-3.7066310857462583e-06,-2.23894904793521e-06,-2.2039592485252383e-06,6.16253086509206e-06,6.197520664502032e-06,3.49897994099718e-08
8.4826219780421e-06,8.51129427328408e-06,7.33242704538848e-06,7.361099340630461e-06,1.6065626866578e-05,1.6094299161819983e-05,2.90787472593806e-05,2.910741955462258e-05,3.77405243701003e-05,3.776919666534228e-05,3.78684393431343e-05,3.789711163837628e-05,3.00108058041739e-05,3.0039478099415883e-05,1.80980326387688e-05,1.812670493401078e-05,2.86722952419812e-08
6.45920416446024e-06,6.4798626652583145e-06,2.47873398909335e-06,2.4993924898914246e-06,3.04089368644951e-07,3.247478694430258e-07,2.87244094824524e-07,3.079025956225988e-07,2.79789547815389e-06,2.818553978951965e-06,7.12420889582657e-06,7.144867396624645e-06,1.05799189922505e-05,1.0600577493048575e-05,1.01299519319853e-05,1.0150610432783376e-05,2.06585007980748e-08
4.03607304279657e-06,4.048309196443935e-06,9.27881671143509e-06,9.291052865082456e-06,4.37695092551103e-06,4.389187079158395e-06,-7.11233808493816e-06,-7.100101931290795e-06,-1.75537705713051e-05,-1.7541534417657738e-05,-2.20713724159233e-05,-2.2059136262275938e-05,-1.84453185493544e-05,-1.8433082395707036e-05,-7.69636860264258e-06,-7.684132448995215e-06,1.22361536473648e-08
-1.62025045442158e-05,-1.6197943160068496e-05,-1.27400338196868e-05,-1.2735472435539497e-05,-5.86033872887509e-06,-5.855777344727787e-06,2.57206473152466e-07,2.6176785729976936e-07,1.47366400141778e-06,1.4782253855650834e-06,-2.38692511115861e-06,-2.3823637270113067e-06,-8.85190524622538e-06,-8.847343862078077e-06,-1.44584831125183e-05,-1.4453921728370997e-05,4.56138414730332e-09
1.32137235501345e-05,1.321220869038984e-05,8.6141728645156e-06,8.61265800477094e-06,1.24274672921033e-05,1.242595243235864e-05,2.21656715807322e-05,2.216415672098754e-05,3.14397364794995e-05,3.143822161975484e-05,3.55074559300596e-05,3.550594107031494e-05,3.24634102675067e-05,3.246189540776204e-05,2.31906632670957e-05,2.318914840735104e-05,-1.51485974465958e-09
-1.00236339621943e-05,-1.0029194662971267e-05,-1.01530443529074e-05,-1.0158605053684367e-05,-2.11820273167107e-05,-2.1187588017487667e-05,-3.59543312148179e-05,-3.595989191559487e-05,-4.41687605652375e-05,-4.4174321266014464e-05,-4.22330721095123e-05,-4.223863281028926e-05,-3.25121382949547e-05,-3.2517698995731665e-05,-1.9621414851631e-05,-1.9626975552407968e-05,-5.56070077696637e-09
-3.74265183266097e-06,-3.7502513759258805e-06,-7.60968500234903e-07,-7.685680434998137e-07,2.47556483888644e-06,2.4679652956215294e-06,3.94550517006783e-06,3.937905626802919e-06,2.43153617379715e-06,2.4239366305322394e-06,-1.0062790030269e-06,-1.0138785462918107e-06,-4.16940753890633e-06,-4.1770070821712405e-06,-5.07932455043085e-06,-5.086924093695761e-06,-7.59954326491068e-09
1.98804826509313e-06,1.9799832854780776e-06,-2.02367843096383e-06,-2.0317434105788823e-06,4.15580550150827e-06,4.147740521893218e-06,1.71620387603245e-05,1.7153973780709446e-05,2.8126434872102e-05,2.8118369892486948e-05,3.10305985598583e-05,3.102253358024325e-05,2.50346142870145e-05,2.5026549307399447e-05,1.31703670309193e-05,1.3162302051304247e-05,-8.06497961505222e-09
1.01812042803279e-05,1.0173519235586936e-05,5.55620374528369e-06,5.548518700542726e-06,-2.97378321465777e-06,-2.9814682593987335e-06,-1.11142676095249e-05,-1.1121952654265863e-05,-1.29673170146439e-05,-1.2975002059384864e-05,-7.13352497088981e-06,-7.1412100156307735e-06,2.13452817970594e-06,2.1268431349649765e-06,8.94023334293666e-06,8.932548298195697e-06,-7.68504474096357e-09
3.87319091410938e-06,3.865875721172509e-06,1.00041876122956e-05,9.99687241935873e-06,8.16960023683959e-06,8.16228504390272e-06,-5.37896167652162e-07,-5.452113605890325e-07,-9.63104888388019e-06,-9.63836407681706e-06,-1.43411818858821e-05,-1.434849707881897e-05,-1.29423604712294e-05,-1.294967566416627e-05,-5.58415161270515e-06,-5.591466805642021e-06,-7.31519293687051e-09
1.1167786164606e-05,1.1160033006867703e-05,9.94333977031248e-06,9.935586612574184e-06,1.50921477417311e-05,1.5084394583992803e-05,2.38437538256937e-05,2.38360006679554e-05,2.98022808929516e-05,2.97945277352133e-05,3.0003410742773e-05,2.99956575850347e-05,2.51667840447078e-05,2.51590308869695e-05,1.75193643813465e-05,1.75116112236082e-05,-7.75315773829749e-09
5.62529402752893e-06,5.615728302593694e-06,9.74938296296059e-07,9.653725713608219e-07,-2.65699242309104e-06,-2.666558148026277e-06,-3.16143021938202e-06,-3.170995944317257e-06,-1.96466949481693e-07,-2.0603267441693e-07,4.40943108179895e-06,4.399865356863714e-06,7.93162720670011e-06,7.922061481764873e-06,8.37764096582787e-06,8.368075240892633e-06,-9.56572493523701e-09
2.64143290092747e-06,2.628474542630907e-06,5.76799895514056e-06,5.7550405968439974e-06,-6.98619087384533e-07,-7.115774456810957e-07,-1.32782606745543e-05,-1.3291219032850863e-05,-2.29655065380271e-05,-2.2978464896323663e-05,-2.42915041993235e-05,-2.430446255762006e-05,-1.78246827037212e-05,-1.7837641062017762e-05,-7.05002455167511e-06,-7.062982909971673e-06,-1.29583582965627e-08
-2.66855894452514e-06,-2.686270784897798e-06,-1.6776939891988e-06,-1.6954058295714584e-06,4.21527893400141e-06,4.197567093628751e-06,1.13845308059611e-05,1.1366818965588443e-05,1.4519021497898e-05,1.4501309657525342e-05,1.23281027062819e-05,1.2310390865909242e-05,6.92663345817973e-06,6.908921617807072e-06,1.08182637884863e-06,1.0641145384759717e-06,-1.77118403726583e-08
1.02261821173151e-05,1.020298631852197e-05,6.82791773688825e-06,6.804721938095121e-06,1.06332468768074e-05,1.061005107801427e-05,1.98798085573746e-05,1.985661275858147e-05,2.86604785474903e-05,2.863728274869717e-05,3.15472811429994e-05,3.152408534420627e-05,2.73181339921255e-05,2.729493819333237e-05,1.85250310876066e-05,1.850183528881347e-05,-2.31957987931292e-08
-9.23285363438738e-07,-9.517439304031934e-07,1.81132150577567e-06,1.7828629388112144e-06,-3.16751304754176e-06,-3.1959716145062154e-06,-1.30867559154913e-05,-1.3115214482455756e-05,-2.03279696159067e-05,-2.0356428182871154e-05,-2.11094066460372e-05,-2.1137865213001655e-05,-1.64038354463779e-05,-1.6432294013342353e-05,-8.50812844369475e-06,-8.536587010659207e-06,-2.84585669644554e-08
1.02922314321878e-05,1.0259850975558347e-05,1.75538799977831e-05,1.7521499541153648e-05,2.15416491294184e-05,2.1509268672788946e-05,1.99007663436296e-05,1.9868385887000146e-05,1.34017952745108e-05,1.3369414817881347e-05,6.0309798992547e-06,5.998599442625247e-06,2.1663583535304e-06,2.1339778969009467e-06,4.02503071880393e-06,3.992650262174477e-06,-3.23804566294533e-08
-2.1898303101665e-05,-2.193216707175324e-05,-2.58740217543905e-05,-2.5907885724478744e-05,-2.19092243715823e-05,-2.1943088341670543e-05,-1.20232961213552e-05,-1.2057160091443442e-05,-3.42704152656348e-06,-3.4609054966517226e-06,-8.66783571249177e-07,-9.0064754133742e-07,-4.79470980086643e-06,-4.828573770954673e-06,-1.32321958353141e-05,-1.3266059805402343e-05,-3.3863970088243e-08
